Year,Round,Pick,Player,Pos,HT,WT,Age,Pre-Draft Team,Class,Draft Trades,YOS,nba_id,origin_country,played_until_year,is_defunct
2025,2,52,Alex Toohey,F,6-8,223.0,21.0,Sydney (Australia),2004 DOB *,PHX to  GSW,0,1642893.0,AU,2025,0.0
2025,2,56,Will Richard,F,6-3,206.0,22.0,Florida,Sr,MEM to  GSW,0,1642954.0,US,2025,0.0
2023,2,57,Trayce Jackson-Davis,F,6-9,245.0,23.0,Indiana,Sr *,WAS to  GSW,2,1631218.0,US,2025,0.0
2022,2,44,Ryan Rollins,G,6-3,180.0,19.0,Toledo,So *,ATL to  GSW,3,1631157.0,US,2025,0.0
2019,2,39,Alen Smailagic,PF,6-10,215.0,18.0,Santa Cruz Warriors,2000 DOB,NOP to  GSW,2,1629346.0,RS,2020,0.0
2017,2,38,Jordan Bell,PF,6-7,216.0,22.0,Oregon,Jr *,CHI to  GSW,5,1628395.0,US,2021,0.0
2016,2,38,Patrick McCaw,G,6-7,181.0,20.0,UNLV,So *,MIL to  GSW,5,1627775.0,US,2020,0.0
2015,2,55,Cady Lalanne,FC,6-9,242.0,23.0,Massachusetts,Sr,SAS to  GSW,0,,,,
2013,1,30,Nemanja Nedovic,SG,6-3,192.0,22.0,Lietuvos Rytas (Lithuania),1991 DOB,PHX to  GSW,2,203517.0,RS,2013,0.0
2011,2,39,Jeremy Tyler,PF,6-10,260.0,20.0,Tokyo Apache (Japan),1991 DOB,CHA to  GSW,3,202719.0,US,2013,0.0
2007,1,8,Brandan Wright,F,6-10,210.0,19.0,North Carolina,Fr *,CHA to  GSW,11,201148.0,US,2017,0.0
2006,2,44,Lior Eliyahu,PF,6-7,225.0,20.0,Hapoel Galil Gilboa (Israel),1985 DOB *,ORL to  HOU HOU  to MIN MIN  to GSW,0,,,,
2004,2,55,Luis Flores,G,6-2,205.0,23.0,Manhattan,Sr,HOU to  DAL DAL  to GSW,1,2784.0,US,2004,0.0
2002,1,16,Jiri Welsch,F,6-6,208.0,22.0,Union Olimpija (Slovenia),1980 DOB,PHI to  GSW,4,2412.0,CZ,2005,0.0
2002,2,54,Mladen Sekularac,G-F,6-8,205.0,21.0,KK FMP (Serbia),1981 DOB *,DAL to  GSW,0,,,,
1999,1,26,Vonteego Cummings,PG,6-4,190.0,23.0,Pittsburgh,Sr,IND to  GSW,4,1907.0,US,2002,0.0
1998,1,4,Antawn Jamison,F,6-9,235.0,22.0,North Carolina,Jr *,TOR to  GSW,16,1712.0,US,2013,0.0
1994,1,11,Carlos Rogers,FC,6-11,220.0,23.0,Tennessee State,Sr,SEA to  GSW,8,435.0,US,2001,0.0
1993,1,1,Chris Webber,F-C,6-9,245.0,20.0,Michigan,So *,ORL to  GSW,15,185.0,US,2007,0.0
1993,2,43,Josh Grant,F,6-10,225.0,25.0,Utah,Sr,DEN to  GSW,1,76852.0,US,1993,0.0
1991,1,3,Billy Owens,SF,6-8,220.0,22.0,Syracuse,Jr *,SAC to  GSW,11,182.0,US,2002,0.0
1986,1,23,Ken Barlow,PF,6-10,220.0,21.0,Notre Dame,Sr,LAL to  ATL ATL  to GSW,0,,,,
1962,5,39,John Windsor,F,6-8,215.0,21.0,Stanford,Sr,PHI to  GSW,1,78591.0,US,1963,0.0
2023,1,19,Brandin Podziemski,G,6-4,205.0,20.0,Santa Clara,So *,,2,1641764.0,US,2025,0.0
2022,1,28,"Patrick Baldwin, Jr.",SG,7-0,220.0,19.0,Milwaukee,Fr *,,3,1631116.0,US,2024,0.0
2022,2,55,Gui Santos,GF,6-7,185.0,20.0,Minas (Brazil),2002 DOB *,,2,1630611.0,BR,2025,0.0
2021,1,7,Jonathan Kuminga,F,6-7,225.0,18.0,NBA G League Ignite,2002 DOB,,4,1630228.0,CD,2025,0.0
2021,1,14,Moses Moody,SG,6-5,211.0,19.0,Arkansas,Fr *,,4,1630541.0,US,2025,0.0
2020,1,2,James Wiseman,C,6-11,240.0,19.0,Memphis,Fr *,,5,1630164.0,US,2025,0.0
2020,2,48,Nico Mannion,PG,6-3,190.0,19.0,Arizona,Fr *,,1,1630185.0,IT,2020,0.0
2019,1,28,Jordan Poole,SG,6-4,194.0,20.0,Michigan,So *,,6,1629673.0,US,2025,0.0
2019,2,41,Eric Paschall,F,6-6,255.0,22.0,Villanova,Sr,,4,1629672.0,US,2021,0.0
2018,1,28,Jacob Evans,SG,6-6,210.0,21.0,Cincinnati,Jr *,,2,1628980.0,US,2019,0.0
2016,1,30,Damian Jones,PF,6-10,245.0,20.0,Vanderbilt,Jr *,,8,1627745.0,US,2023,0.0
2015,1,30,Kevon Looney,PF,6-9,222.0,19.0,UCLA,Fr *,,10,1626172.0,US,2025,0.0
2012,1,7,Harrison Barnes,SF,6-7,225.0,20.0,North Carolina,So *,,13,203084.0,US,2025,0.0
2012,1,30,Festus Ezeli,C,6-11,265.0,22.0,Vanderbilt,Sr,,5,203105.0,NG,2016,0.0
2012,2,35,Draymond Green,F,6-6,230.0,22.0,Michigan State,Sr,,13,203110.0,US,2025,0.0
2012,2,52,Ognen Kuzmic,C,7-1,251.0,22.0,Unicaja (Spain),1990 DOB,,2,203136.0,RS,2014,0.0
2011,1,11,Klay Thompson,G,6-5,220.0,21.0,Washington State,Jr *,,14,202691.0,US,2025,0.0
2011,2,44,Charles Jenkins,G,6-3,215.0,22.0,Hofstra,Sr,,2,202724.0,US,2012,0.0
2010,1,6,Ekpe Udoh,PF,6-10,245.0,23.0,Baylor,Jr *,,7,202327.0,US,2018,0.0
2009,1,7,Stephen Curry,G,6-2,185.0,21.0,Davidson,Jr *,,16,201939.0,US,2025,0.0
2008,1,14,Anthony Randolph,PF,6-11,225.0,18.0,LSU,Fr *,,6,201576.0,US,2013,0.0
2008,2,49,Richard Hendrix,FC,6-9,264.0,21.0,Alabama,Jr *,,1,,,,
2007,1,18,Marco Belinelli,G,6-5,225.0,21.0,Fortituto Kontatto Bologna (Italy),1986 DOB *,,13,201158.0,IT,2019,0.0
2007,2,46,Yann Ulrich Stephane Lasme,F,6-8,215.0,24.0,Massachusetts,Sr,,1,201186.0,GA,2007,0.0
2006,1,9,Patrick O'Bryant,C,7-0,250.0,20.0,Bradley,So *,,4,200753.0,US,2009,0.0
2006,2,38,Kosta Perovic,C,7-2,240.0,21.0,KK Partizan (Serbia),1985 DOB *,,1,200785.0,RS,2007,0.0
2005,1,9,Ike Diogu,PF,6-8,255.0,21.0,Arizona State,Jr *,,7,101113.0,US,2011,0.0
2005,2,40,Monta Ellis,G,6-3,185.0,19.0,Lanier High School (Mississippi),1985 DOB *,,12,101145.0,US,2016,0.0
2005,2,42,Chris Taft,F,6-10,265.0,20.0,Pittsburgh,So *,,1,101147.0,US,2005,0.0
2004,1,11,Andris Biedrins,C,7-0,250.0,18.0,BK Skonto Riga (Latvia),1986 DOB *,,10,2740.0,LV,2013,0.0
2003,1,11,Mickael Pietrus,GF,6-6,215.0,21.0,Pau-Orthez (France),1982 DOB *,,10,2554.0,FR,2012,0.0
2003,2,40,Derrick Zimmerman,G,6-3,195.0,21.0,Mississippi State,Sr,,3,2583.0,US,2005,0.0
2002,1,3,Mike Dunleavy,GF,6-9,230.0,21.0,Duke,Jr *,,15,2399.0,US,2016,0.0
2001,1,5,Jason Richardson,GF,6-6,225.0,20.0,Michigan State,So *,,14,2202.0,US,2014,0.0
2001,1,14,Troy Murphy,FC,6-11,245.0,21.0,Notre Dame,Jr *,,12,2211.0,US,2012,0.0
2001,2,30,Gilbert Arenas,G,6-3,191.0,19.0,Arizona,So *,,11,2240.0,US,2011,0.0
2000,2,55,Chris Porter,F,6-7,215.0,22.0,Auburn,Sr,,2,2084.0,US,2000,0.0
1999,2,56,Tim Young,C,7-0,220.0,23.0,Stanford,Sr,,1,1937.0,US,1999,0.0
1997,1,8,Adonal Foyle,C,6-10,250.0,22.0,Colgate,Jr *,,13,1502.0,,2009,0.0
1997,2,37,Marc Jackson,C,6-10,270.0,22.0,Temple,Jr *,,7,1531.0,US,2006,0.0
1996,1,11,Todd Fuller,C,6-11,255.0,21.0,NC State,Sr,,6,957.0,US,2000,0.0
1996,2,40,Marcus Mann,F,6-8,245.0,22.0,Mississippi Valley State,Sr,,1,986.0,US,1997,0.0
1995,1,1,Joe Smith,F,6-10,225.0,19.0,Maryland,So *,,16,693.0,US,2010,0.0
1995,2,34,Andrew DeClercq,C,6-10,230.0,22.0,Florida,Sr,,10,692.0,US,2004,0.0
1994,1,16,Clifford Rozier,FC,6-11,245.0,21.0,Louisville,Jr *,,4,32.0,US,1997,0.0
1994,2,45,Dwayne Morton,F,6-7,195.0,22.0,Louisville,Sr,,2,132.0,US,1994,0.0
1992,1,24,Latrell Sprewell,SG,6-5,190.0,21.0,Alabama,Sr,,13,84.0,US,2004,0.0
1992,2,50,Matt Fish,PF,6-11,235.0,22.0,UNC Wilmington,Sr,,7,900.0,US,1996,0.0
1991,1,16,Chris Gatling,PF,6-10,220.0,23.0,Old Dominion,Sr,,11,423.0,US,2001,0.0
1991,1,17,Victor Alexander,PF,6-9,265.0,21.0,Iowa State,Sr,,6,2349.0,US,2001,0.0
1991,1,25,Shaun Vandiver,C,6-10,240.0,23.0,Colorado,Sr,,0,,,,
1990,1,11,Tyrone Hill,PF,6-9,240.0,22.0,Xavier,Sr,,14,238.0,US,2003,0.0
1990,2,28,Les Jepsen,C,7-0,245.0,23.0,Iowa,Sr,,2,77129.0,US,1991,0.0
1990,2,34,Kevin Pritchard,G,6-3,180.0,22.0,Kansas,Sr,,4,340.0,US,1995,0.0
1989,1,14,Tim Hardaway,PG,6-0,175.0,22.0,UTEP,Sr,,14,896.0,US,2002,0.0
1988,1,5,Mitch Richmond,SG,6-5,215.0,22.0,Kansas State,Sr,,14,782.0,US,2001,0.0
1988,2,41,Keith Smart,G,6-1,175.0,23.0,Indiana,Sr,,2,78175.0,US,1988,0.0
1987,1,14,Tellis Frank,FC,6-10,225.0,22.0,Western Kentucky,Sr,,5,76748.0,US,1993,0.0
1987,3,58,Darryl Johnson,PG,6-1,170.0,21.0,Michigan State,Sr,,2,683.0,US,1995,0.0
1987,4,83,Benny Bolton,FC,6-8,220.0,,NC State,Sr,,0,,,,
1987,5,105,Terry Williams,,,,,Southern Methodist,Sr,,0,,,,
1987,6,127,Sarunas Marciulionis,GF,6-4,209.0,23.0,Lietuvos Rytas (Lithuania),1964 DOB,,8,36.0,LT,1996,0.0
1987,7,152,Ronnie Leggette,,,,,West Virginia State,Sr,,0,,,,
1986,1,3,Chris Washburn,C,6-11,225.0,21.0,NC State,So *,,3,78463.0,US,1987,0.0
1986,3,51,Mike Williams,F,6-8,255.0,22.0,Bradley,Sr,,3,78558.0,US,1989,0.0
1986,3,59,Wendell Alexis,F,6-8,220.0,21.0,Syracuse,Sr,,1,,,,
1986,4,75,Dan Bingenheimer,PF,6-9,240.0,22.0,Texas,Sr,,1,,,,
1986,5,97,Clinton Smith,F,6-6,210.0,22.0,Cleveland State,Sr,,3,78181.0,US,1990,0.0
1985,2,42,Bobby Lee Hurt,PF,6-9,240.0,23.0,Alabama,Sr,,0,,,,
1986,7,143,Steve Kenilvort,G,,,,Santa Clara,Sr,,0,,,,
1985,1,7,Chris Mullin,SF,6-7,215.0,21.0,St. John's,Sr,,16,904.0,US,2000,0.0
1985,3,49,Brad Wright,FC,6-11,225.0,23.0,UCLA,Sr,,2,78620.0,US,1987,0.0
1985,4,71,Luster Goodwin,SG,6-1,180.0,,UTEP,Sr,,1,,,,
1985,5,95,Greg Cavener,FC,6-9,,,Missouri,Sr,,1,,,,
1985,6,117,Gerald Crosby,G,,,,Georgia,Sr,,0,,,,
1985,7,141,Eric Boyd,G,6-4,,,North Carolina A&T,Sr,,0,,,,
1984,2,30,Steve Burtt,G,6-2,185.0,21.0,Iona,Sr,,5,76316.0,US,1992,0.0
1984,2,35,Othell Wilson,G,6-0,190.0,22.0,Virginia,Sr,,3,78578.0,US,1986,0.0
1984,2,45,Gary Plummer,FC,6-9,215.0,22.0,Boston University,Sr,,4,77865.0,US,1992,0.0
1984,3,55,Lewis Jackson,SG,6-6,200.0,21.0,Alabama State,Sr,,1,,,,
1984,5,101,Steve Bartek,,,,,Doane College,Sr,,0,,,,
1984,5,110,Scott McCollum,,,,,Pepperdine,Sr,,0,,,,
1984,6,123,Tony Martin,,,,,Wyoming,Sr,,0,,,,
1984,7,147,Cliff Higgins,F,6-6,195.0,,Cal State Northridge,Sr,,0,,,,
1984,8,169,Paul Brozovich,,,,,UNLV,Sr,,0,,,,
1984,9,192,Mitch Arnold,,,,,Fresno State,Sr,,0,,,,
1984,10,213,Tim Bell,,,,,UC Riverside,Sr,,0,,,,
1983,1,6,Russell Cross,C,6-10,215.0,21.0,Purdue,Jr *,,2,76478.0,US,1983,0.0
1983,2,43,Pace Mannion,GF,6-7,190.0,22.0,Utah,Sr,,6,77456.0,US,1988,0.0
1983,3,53,Mike Holton,G,6-4,185.0,21.0,UCLA,Sr,,7,77047.0,US,1989,0.0
1983,4,77,Peter Thibeaux,F,6-7,210.0,21.0,Saint Mary's,Sr,,3,78311.0,US,1985,0.0
1983,5,99,Greg Hines,FC,,,,Hampton,Sr,,0,,,,
1983,6,123,Tom Heywood,,,,,Weber State,Sr,,0,,,,
1983,7,145,Peter Williams,,,,,Utah,Sr,,0,,,,
1983,8,169,Doug Harris,F,6-7,,,Central Washington,Sr,,0,,,,
1983,9,190,Greg Goorjiam,,,,,Loyola Marymount,Sr,,0,,,,
1983,10,212,Michael Zeno,,,,,Long Beach State,Sr,,0,,,,
1982,1,14,Lester Conner,G,6-4,180.0,22.0,Oregon State,Sr,,12,76431.0,US,1994,0.0
1982,2,35,Derek Smith,SG,6-6,205.0,20.0,Louisville,Sr,,9,78183.0,US,1990,0.0
1982,3,60,Chris Engler,C,6-11,245.0,23.0,Wyoming,Sr,,6,76670.0,US,1987,0.0
1982,4,83,Ken Stancell,PF,6-9,225.0,,VCU,Sr,,1,,,,
1982,5,106,Albert Irving,,,,,Alcorn State,Sr,,0,,,,
1982,6,129,David Vann,,,,,Saint Mary's,Sr,,0,,,,
1982,7,152,Matt Waldron,F,,,,Pacific,Sr,,0,,,,
1982,8,175,Mark King,,,,,Florida Southern,Sr,,0,,,,
1982,9,198,Nick Morken,,,,,Chattanooga,Sr,,1,,,,
1982,10,219,Randy Whieldon,G,,,,UC Irvine,Sr,,0,,,,
1981,2,33,Sam Williams,F,6-8,210.0,22.0,Arizona State,Jr,,0,78569.0,US,1984,0.0
1981,3,56,Carlton Neverson,SG,6-5,195.0,23.0,Pittsburgh,Sr,,0,,,,
1981,4,76,Lewis Lloyd,GF,6-6,205.0,22.0,Drake,Sr,,7,77395.0,US,1989,0.0
1981,4,80,Terry Adolph,PG,5-8,165.0,,West Texas A&M,Sr,,0,,,,
1981,5,102,Hank McDowell,FC,6-9,215.0,21.0,Memphis,Sr,,7,77527.0,US,1986,0.0
1981,6,126,Carter Scott,G,,,,Ohio State,Sr,,0,,,,
1981,7,148,Robby Dosty,,,,,Arizona,Sr,,0,,,,
1981,8,171,Yasutaka Okayama,C,7-7,,26.0,,1954 DOB,,0,,,,
1981,9,192,Doug Murrey,,,,,San Jose State,Sr,,0,,,,
1981,10,213,Barry Brooks,,,,,USC,Sr,,0,,,,
1980,1,1,Joe Barry Carroll,FC,7-0,225.0,21.0,Purdue,Sr,,10,76353.0,US,1990,0.0
1980,1,13,Rickey Brown,FC,6-10,215.0,21.0,Mississippi State,Sr,,5,76283.0,US,1984,0.0
1980,2,24,Larry Smith,PF,6-8,215.0,22.0,Alcorn State,Sr,,13,78195.0,US,1992,0.0
1980,3,49,John Virgil,SG,6-5,185.0,22.0,North Carolina,Sr,,0,,,,
1980,4,71,Robert Scott,PG,6-1,170.0,22.0,Alabama,Sr,,0,,,,
1980,5,95,Don Carlino,,,,,USC,Sr,,0,,,,
1980,6,117,Neil Bresnahan,F,,,,Illinois,Sr,,0,,,,
1980,7,141,Lorenzo Romar,G,6-1,175.0,21.0,Washington,Sr,,6,78015.0,US,1984,0.0
1980,8,162,Kurt Kanaskie,,,,22.0,La Salle,Sr,,0,,,,
1980,9,182,Billy Reid,SG,6-5,190.0,22.0,San Francisco,Jr,,1,77937.0,US,1980,0.0
1980,10,200,Tim Higgins,F,6-5,,,Nebraska-Kearney,Sr,,0,,,,
1979,2,28,Danny Salisbury,SF,6-6,202.0,22.0,Texas-RGV,Sr,,1,,,,
1979,3,54,Cheese Johnson,SF,6-6,195.0,21.0,Wichita State,Sr,,1,77159.0,US,1979,0.0
1979,4,75,Ron Ripley,C,6-10,215.0,,Green Bay,Sr,,0,,,,
1979,4,82,Jerry Sichting,G,6-1,168.0,22.0,Purdue,Sr,,11,78146.0,US,1989,0.0
1979,5,96,George Lett,,,,,Centenary (LA),Sr,,0,,,,
1979,6,118,Jim Mitchem,,,,,DePaul,Sr,,0,,,,
1979,7,137,Ren Watson,,,,,VCU,Sr,,0,,,,
1979,8,155,Mario Butler,C,6-8,275.0,22.0,Briar Cliff,Sr,,0,,,,
1979,9,175,Gene Ransom,PG,5-8,,,California,Sr,,0,,,,
1979,10,192,Kevin Heenan,,,,,Cal State Fullerton,Sr,,0,,,,
1978,1,5,Purvis Short,SF,6-7,210.0,20.0,Jackson State,Sr,,12,78139.0,US,1989,0.0
1978,1,22,Raymond Townsend,SG,6-3,175.0,22.0,UCLA,Sr,,3,78365.0,US,1981,0.0
1978,2,40,Wayne Cooper,FC,6-10,220.0,21.0,New Orleans,Sr,,14,76441.0,US,1991,0.0
1978,3,56,Steve Neff,C,6-10,240.0,,Southern Nazarene,Sr,,0,,,,
1978,4,77,Derrick Jackson,SG,6-1,180.0,,Georgetown,Sr,,0,,,,
1978,5,101,Bubba Wilson,SG,6-3,175.0,22.0,Western Carolina,Sr,,2,78587.0,US,1979,0.0
1978,6,122,Buzz Hartnett,F,6-7,,,San Diego,Sr,,0,,,,
1978,7,142,Rick Bernard,,,,,Saint Mary's,Sr,,0,,,,
1978,8,163,Tony Searcy,,,,,Appalachian State,Sr,,0,,,,
1978,9,179,Bobby Humbles,G,,,,Bradley,Sr,,0,,,,
1978,10,193,Mike Muff,,,,,Murray State,Sr,,0,,,,
1977,1,16,Rickey Green,PG,6-0,170.0,22.0,Michigan,Sr,,14,76874.0,US,1991,0.0
1977,1,18,Wesley Cox,SF,6-6,215.0,22.0,Louisville,Sr,,2,76465.0,US,1978,0.0
1977,2,38,Ricky Love,PF,6-8,235.0,,Alabama-Huntsville,Sr,,0,,,,
1977,3,60,Marlon Redmond,SF,6-6,190.0,22.0,San Francisco,Sr,,3,77926.0,US,1979,0.0
1977,4,82,Roy Smith,PF,6-8,,,Kentucky State,Sr,,0,,,,
1977,4,87,Leartha Scott,SG,6-4,185.0,,Wisconsin-Parkside,Sr,,0,,,,
1977,5,104,Ray Epps,SF,6-6,195.0,20.0,Norfolk State,Sr *,,1,76678.0,US,1978,0.0
1977,6,126,Jack Phelan,,,,,St. Francis (PA),Sr,,0,,,,
1977,7,146,Jerry Thurston,,,,,Mercer,Sr,,0,,,,
1977,8,165,Ricky Marsh,G,6-3,200.0,23.0,Manhattan,Sr,,2,77465.0,US,1977,0.0
1976,1,8,Robert Parish,C,7-0,230.0,22.0,Centenary (LA),Sr,,20,305.0,US,1996,0.0
1976,1,17,Sonny Parker,GF,6-6,200.0,21.0,Texas A&M,Sr,,6,77800.0,US,1981,0.0
1976,2,34,Marshall Rogers,PG,6-1,190.0,22.0,Texas-RGV,Sr,,2,78008.0,US,1976,0.0
1976,4,68,Jeff Fosnes,SF,6-7,175.0,22.0,Vanderbilt,Sr,,0,,,,
1976,5,86,Carl Bird,SF,6-6,,,California,Sr,,0,,,,
1976,6,91,Duane Barnett,,,,,Stanford,Sr,,0,,,,
1976,6,104,Gene Cunningham,PF,6-6,270.0,,Norfolk State,Sr,,0,,,,
1976,7,122,Jesse Campbell,,,,,Mercyhurst,Sr,,0,,,,
1976,8,140,Stan Boskovich,F,6-6,,,West Virginia,Sr,,0,,,,
1976,9,157,Howard Smith,,,,,San Francisco,Sr,,0,,,,
1976,10,173,Ken Smith,,,,,San Diego State,Sr,,0,,,,
1975,2,20,Gus Williams,G,6-2,175.0,21.0,USC,Sr,,11,78549.0,US,1986,0.0
1975,3,40,Otis Johnson,PF,6-9,205.0,,Stetson,Sr,,1,,,,
1975,3,51,Robert Hawkins,G,6-4,190.0,20.0,Illinois State,Sr,,4,76975.0,US,1978,0.0
1975,4,69,Billy Taylor,SF,6-5,190.0,,La Salle,Sr,,0,,,,
1975,5,87,Larry Pounds,,,,,Washington,Sr,,0,,,,
1975,6,105,Tony Styles,,,,,San Francisco,Sr,,0,,,,
1975,7,123,Stan Boyer,F,,,,Wyoming,Sr,,0,,,,
1975,8,141,Mike Rozenski,,,,,Saint Mary's,Sr,,0,,,,
1975,9,157,Scott Trobbe,,,,,Stanford,Sr,,0,,,,
1975,10,171,Maurice Harper,,,,,Saint Mary's,Sr,,0,,,,
1974,1,11,Jamaal Wilkes,GF,6-6,190.0,21.0,UCLA,Sr,,12,78532.0,US,1985,0.0
1974,2,29,Phil Smith,SG,6-4,185.0,22.0,San Francisco,Sr,,9,78199.0,US,1982,0.0
1974,3,47,Frank Kendrick,SF,6-6,198.0,23.0,Purdue,Sr,,1,77242.0,US,1974,0.0
1974,4,65,Willie Biles,SG,6-3,175.0,,Tulsa,Sr,,1,,,,
1974,5,83,Steve Erickson,,,,,Oregon,Sr,,0,,,,
1974,6,101,John Errecart,G,6-3,,,Pacific,Sr,,1,,,,
1974,7,119,Brady Allen,,,,,California,Sr,,0,,,,
1974,8,137,Clarence Allen,,,,,UC Santa Barbara,Sr,,0,,,,
1974,9,155,Carl Meier,,,,,California,Sr,,0,,,,
1974,10,172,Marvin Buckley,,,,,Nevada,Sr,,0,,,,
1973,1,11,Kevin Joyce,G,6-3,190.0,21.0,South Carolina,Sr,,0,,,,
1973,2,29,Derrek Dickey,F,6-7,218.0,22.0,Cincinnati,Sr,,6,76564.0,US,1977,0.0
1973,3,46,Jim Retseck,PF,6-9,200.0,,Auburn,Sr,,0,,,,
1973,4,63,Ron King,SG,6-4,185.0,21.0,Florida State,Sr,,0,,,,
1973,5,80,Nate Stephens,C,6-11,230.0,,Long Beach State,Jr,,1,,,,
1973,6,97,Bob Lauriski,,,,,Utah State,Sr,,0,,,,
1973,7,114,Steve Smith,PF,6-9,,,Loyola Marymount,Sr,,0,,,,
1973,8,131,Jeff Dawson,G,6-1,175.0,,Illinois,Jr,,0,,,,
1973,9,146,Everett Fopma,,,,,Idaho State,Sr,,0,,,,
1973,10,160,Fred Lavoroni,,,,,Santa Clara,Sr,,0,,,,
1972,4,60,John Tschogl,SF,6-6,206.0,21.0,UC Santa Barbara,Sr,,3,,,,
1972,5,76,Charles Dudley,PG,6-2,180.0,22.0,Washington,Sr,,7,76607.0,US,1978,0.0
1972,6,93,Henry Bacon,G,6-3,205.0,23.0,Louisville,Sr,,0,,,,
1972,7,110,Will Franklin,PF,6-7,220.0,22.0,Purdue,Sr,,0,,,,
1972,8,126,John Burks,,,,,San Francisco,Sr,,0,,,,
1972,9,141,Bill Duey,,,,,California,Sr,,0,,,,
1971,1,8,Darnell Hillman,FC,6-9,215.0,21.0,San Jose State,Sr,,5,77028.0,US,1979,0.0
1971,4,59,Greg Gary,G,6-3,185.0,,St. Bonaventure,Sr,,0,,,,
1971,5,76,Odis Allison,SF,6-6,195.0,21.0,UNLV,Sr,,1,76029.0,US,1971,0.0
1971,6,93,Charles Johnson,PG,6-0,170.0,21.0,California,Sr,,7,77133.0,US,1978,0.0
1971,7,110,Ken May,,,,,Dayton,Sr,,0,,,,
1971,8,127,Jim Haderlein,,,,,Loyola Marymount,Sr,,0,,,,
1971,9,143,Clarence Smith,,,,,Villanova,Sr,,0,,,,
1971,10,159,Bill Drosdiak,,,,,Oregon,Sr,,0,,,,
1970,3,36,Earle Higgins,F,6-8,195.0,23.0,Eastern Michigan,Sr,,0,,,,
1970,4,53,Ralph Ogden,GF,6-5,205.0,22.0,Santa Clara,Sr,,1,77748.0,US,1970,0.0
1970,5,70,Levi Fontaine,SG,6-4,190.0,21.0,Maryland-Eastern Shore,Sr,,1,76731.0,US,1970,0.0
1970,6,87,Vic Bartolome,C,7-0,230.0,21.0,Oregon State,Sr,,1,76118.0,US,1971,0.0
1970,7,104,Joe Bergman,PF,6-9,210.0,,Creighton,Jr,,0,,,,
1970,8,121,Jeff Sewell,,,,,Marquette,Sr,,0,,,,
1970,9,138,Lou Small,,,,,Nevada,Sr,,0,,,,
1970,10,155,Coby Dietrick,FC,6-10,220.0,21.0,San Jose State,Sr,,7,76567.0,US,1982,0.0
1969,1,7,Bob Portman,GF,6-5,200.0,22.0,Creighton,Sr,,4,77878.0,US,1972,0.0
1969,2,22,Ed Siudet,F,6-7,205.0,,Holy Cross,Sr,,0,,,,
1969,3,36,Tom Hagan,G,6-3,185.0,22.0,Vanderbilt,Sr,,0,,,,
1969,4,50,Lee Lafayette,F,6-6,,,Michigan State,Sr,,0,,,,
1969,5,64,Willie Wise,SF,6-5,210.0,22.0,Drake,Sr,,2,78602.0,US,1977,0.0
1969,6,78,Dan Obravak,F,6-9,,,Dayton,Sr,,0,,,,
1969,7,92,Pat Foley,,,,,Pacific,Sr,,0,,,,
1969,8,106,Steve Rippe,F,,,,UC Santa Barbara,Sr,,0,,,,
1969,9,120,Greg Reed,F,,,,Sacramento State,Sr,,0,,,,
1969,10,134,Dick Chapman,,,,,San Francisco State,Sr,,0,,,,
1969,11,148,Rich Holmberg,,,,,Saint Mary's,Sr,,0,,,,
1969,12,161,Joe Callahan,,,,,San Francisco State,Sr,,0,,,,
1968,1,9,Ron Williams,G,6-3,188.0,23.0,West Virginia,Sr,,8,78567.0,US,1975,0.0
1968,3,29,Don Sidle,F,6-8,215.0,21.0,Oklahoma,Sr,,0,,,,
1968,4,43,Edgar Lacey,F,6-6,190.0,23.0,UCLA,Jr,,0,,,,
1968,5,57,Jim Eakins,C,6-11,215.0,21.0,Brigham Young,Sr,,2,76628.0,US,1977,0.0
1968,6,71,Bob Allen,F,6-9,205.0,21.0,Marshall,Sr,,1,76028.0,US,1968,0.0
1968,7,85,Dave Reasor,,,,,West Virginia,Sr,,0,,,,
1968,8,99,Walt Platkowski,,,,,Bowling Green,Sr,,0,,,,
1968,9,113,Art Wilmore,,,,,San Francisco,Sr,,0,,,,
1968,10,127,Bob Heaney,F,6-7,,,Santa Clara,Sr,,0,,,,
1968,11,140,Jerry Chandler,SF,,,,College of Southern Nevada,Sr,,0,,,,
1968,12,153,Bob Wolfe,,,,,California,Sr,,0,,,,
1967,1,10,Dave Lattin,PF,6-6,225.0,23.0,UTEP,Sr,,2,77342.0,US,1968,0.0
1967,3,27,Bill Turner,F,6-7,220.0,23.0,Akron,Jr,,6,78385.0,US,1972,0.0
1967,4,39,Bobby Lewis,SG,6-3,175.0,22.0,North Carolina,Sr,,4,77385.0,US,1970,0.0
1967,5,51,Mike Lynn,F,6-7,215.0,21.0,UCLA,Jr,,2,,,,
1967,6,63,Dale Schlueter,C,6-10,255.0,21.0,Colorado State,Sr,,10,78084.0,US,1977,0.0
1967,7,75,Sonny Bustion,,,,,CSU Pueblo,Sr,,0,,,,
1967,8,87,Bob Krulish,F,,,,Pacific,Sr,,0,,,,
1967,9,98,Richard Dean,C,6-6,230.0,,Syracuse,Sr,,0,,,,
1967,10,109,Joe Galbo,,,,,San Francisco State,Sr,,0,,,,
1967,11,119,Bill Morgan,,,,,New Mexico,Sr,,0,,,,
1967,12,130,Dave Fox,,,,,Pacific,Sr,,0,,,,
1966,1,3,Clyde Lee,FC,6-10,205.0,22.0,Vanderbilt,Sr,,10,77357.0,US,1975,0.0
1966,2,13,Joe Ellis,F,6-6,175.0,22.0,San Francisco,Sr,,8,76661.0,US,1973,0.0
1966,3,23,Steve Chubin,G,6-2,200.0,22.0,Rhode Island,Sr,,0,,,,
1966,4,33,Steve Vacendak,G,6-1,185.0,21.0,Duke,Sr,,0,,,,
1966,5,43,Tom Kerwin,F,6-7,210.0,21.0,Centenary (LA),Sr,,0,,,,
1966,6,53,Jim Pitts,,,,,Northwestern,Sr,,0,,,,
1966,7,62,Lon Hughey,,,,,Fresno State,Sr,,0,,,,
1966,8,71,Ken Washington,G,6-3,,,UCLA,Sr,,0,,,,
1965,1,1,Fred Hetzel,F,6-8,220.0,22.0,Davidson,Sr,,6,77012.0,US,1970,0.0
1965,1,2,Rick Barry,F,6-7,205.0,21.0,Miami (FL),Sr,,10,600013.0,US,1979,0.0
1965,2,9,Will Frazier,F,6-7,210.0,22.0,Grambling State,Sr,,1,76751.0,US,1965,0.0
1965,3,18,Keith Erickson,GF,6-5,195.0,21.0,UCLA,Sr,,12,76680.0,US,1976,0.0
1965,4,27,Warren Rustand,G,6-2,,,Arizona,Sr,,0,,,,
1965,5,36,Eddie Jackson,,,,,Oklahoma City,Sr,,0,,,,
1965,6,45,Jim Jarvis,PG,6-1,175.0,22.0,Oregon State,Sr,,0,,,,
1965,7,54,Dan Wolters,,,,,California,Sr,,0,,,,
1965,8,62,Willie Cotton,,,,,Central State (OH),Sr,,0,,,,
1964,1,6,Barry Kramer,F,6-4,200.0,21.0,NYU,Sr,,1,77307.0,US,1964,0.0
1964,2,14,Bud Koper,GF,6-6,210.0,21.0,Oklahoma City,Sr,,1,77299.0,US,1964,0.0
1964,3,23,McCoy McLemore,SF,6-7,230.0,22.0,Drake,Sr,,8,77548.0,US,1971,0.0
1964,4,32,Gene Elmore,F,6-7,200.0,,Southern Methodist,Sr,,1,,,,
1964,5,41,Roger Suttner,C,7-0,215.0,,Kansas State,Sr,,0,,,,
1964,6,50,Ray Carey,,,,,Missouri,Sr,,0,,,,
1964,7,59,Dave Lee,F,6-7,225.0,22.0,San Francisco,Sr,,0,,,,
1964,8,68,Bob Garibaldi,GF,6-4,210.0,22.0,Santa Clara,Sr,,0,,,,
1964,9,75,Camden Wail,,,,,California,Sr,,0,,,,
1964,10,82,Jeff Cartwright,,,,,Chapman,Sr,,1,,,,
1963,1,3,Nate Thurmond,FC,6-11,225.0,21.0,Bowling Green,Sr,,15,600001.0,US,1976,0.0
1963,2,11,Gary Hill,G,6-4,185.0,21.0,Oklahoma City,Sr,,2,77026.0,US,1964,0.0
1963,3,20,Steve Gray,G,6-4,190.0,,Saint Mary's,Sr,,0,,,,
1963,4,29,Dave Downey,G,6-4,195.0,,Illinois,Sr,,0,,,,
1963,5,38,Don Turner,,,,,Southwestern,Sr,,0,,,,
1963,6,47,Gene Shields,F,6-7,,,Santa Clara,Sr,,0,,,,
1963,7,56,Don Clemetson,,,,,Stanford,Sr,,0,,,,
1963,8,65,Harry Dinnell,G,6-4,200.0,,Pepperdine,Sr,,0,,,,
1963,9,70,Chuck White,,,,21.0,Idaho,Sr,,0,,,,
1962,1,5,Wayne Hightower,F,6-8,230.0,22.0,Kansas,Sr,,5,77023.0,US,1966,0.0
1962,2,14,Hubie White,G,6-4,205.0,22.0,Villanova,Sr,,2,78509.0,US,1963,0.0
1962,3,23,Dave Fedor,F,6-6,190.0,21.0,Florida State,Sr,,1,76697.0,US,1962,0.0
1962,4,32,Garry Roggenburk,F,6-6,185.0,21.0,Dayton,Sr,,0,,,,
1962,5,41,Jack Jackson,,,,,Virginia Union,Sr,,0,,,,
1962,6,50,Jim Hudock,,,,,North Carolina,Sr,,0,,,,
1962,7,59,Howie Montgomery,F,6-5,220.0,21.0,Texas-RGV,Sr,,1,77630.0,US,1962,0.0
1962,8,67,Bill Kirvin,PG,6-1,,,Xavier,Sr,,0,,,,
1962,9,76,Tom Kiefer,,,,,Saint Louis,Sr,,0,,,,
1962,10,84,Ken McComb,C,6-7,238.0,,North Carolina,Sr,,0,,,,
1962,11,89,Donnie Walsh,,,,21.0,North Carolina,Sr,,0,,,,
1962,12,92,Charles Warren,,,,,Oregon,Sr,,0,,,,
1961,1,7,Tom Meschery,F,6-6,215.0,22.0,Saint Mary's,Sr,,10,77584.0,US,1970,0.0
1961,2,15,Ted Luckenbill,F,6-6,205.0,21.0,Houston,Sr,,2,77421.0,US,1962,0.0
1961,3,29,Jack Egan,F,6-5,220.0,,Saint Joseph's,Sr,,0,,,,
1961,4,38,John Tidwell,G,6-3,180.0,,Michigan,Sr,,0,,,,
1961,5,47,Bruce Spraggins,SF,6-5,188.0,,Virginia Union,Sr,,0,,,,
1961,6,56,Dick Goldberg,,,,,Southern Mississippi,Sr,,0,,,,
1961,7,65,Charles McNeil,,,,,Maryland,Jr,,0,,,,
1961,8,74,Larry Swift,,,,,Truman State,Sr,,0,,,,
1961,10,89,Leo Hill,,,,,Cal State Los Angeles,Sr,,0,,,,
1961,11,97,Corky Whitrow,,,,,Georgetown College (KY),Sr,,0,,,,
1960,1,7,Al Bunge,F,6-8,215.0,,Maryland,Sr,,0,,,,
1960,2,15,Pickles Kennedy,G,5-11,180.0,21.0,Temple,Sr,,1,77245.0,US,1960,0.0
1960,3,23,Bob Mealy,F,6-6,210.0,,Manhattan,Sr,,0,,,,
1960,4,31,Charley Sharp,F,6-5,,,Texas State,Sr,,0,,,,
1960,5,39,Al Attles,PG,6-0,175.0,23.0,North Carolina A&T,Sr,,11,76070.0,US,1970,0.0
1960,6,47,Jim Brangan,,,,,Princeton,Sr,,0,,,,
1960,7,55,Bob Clarke,,,,,Saint Joseph's,Sr,,0,,,,
1960,8,62,George Raveling,,,,22.0,Villanova,Sr,,0,,,,
1960,9,69,Joe Gallo,,,,,Saint Joseph's,Sr,,0,,,,
1959,2,9,Joe Ruklick,FC,6-9,220.0,20.0,Northwestern,Sr,,3,78040.0,US,1961,0.0
1959,3,17,Jim Hickaday,F,6-6,,,Memphis,Sr,,0,,,,
1959,4,25,Ron Stevenson,F,6-5,205.0,,TCU,Sr,,0,,,,
1959,5,33,Bill Telasky,G,6-1,,,George Washington,Sr,,0,,,,
1959,6,40,Joe Spratt,,,,,Saint Joseph's,Sr,,0,,,,
1959,7,48,Joe Ryan,,,,,Villanova,Sr,,0,,,,
1959,8,55,Dave Gunther,F,6-7,190.0,21.0,Iowa,Sr,,1,76906.0,US,1962,0.0
1959,9,61,Carl Belz,,,,,Princeton,Sr,,0,,,,
1959,10,67,Tony Sellari,,,,,Lenoir-Rhyne,Sr,,0,,,,
1959,11,73,Phil Warren,,,,,Northwestern,Sr,,0,,,,
1958,2,12,Lloyd Sharrar,C,6-10,220.0,22.0,West Virginia,Sr,,0,,,,
1958,3,20,Frank Howard,F,6-6,218.0,21.0,Ohio State,Sr,,0,,,,
1958,4,28,Temple Tucker,C,6-10,205.0,,Rice,Sr,,0,,,,
1958,5,36,Don Ohl,SG,6-3,190.0,22.0,Illinois,Sr,PHI to DET,10,77751.0,US,1969,0.0
1958,6,44,Bucky Allen,G,6-2,175.0,,Duke,Sr,,0,,,,
1958,7,52,Jay Norman,,,,,Temple,Sr,,0,,,,
1958,9,66,Nick Davis,,,,,Maryland,Sr,,0,,,,
1958,10,71,Larry Hedden,C,6-5,,,Michigan State,Sr,,0,,,,
1957,1,6,Lennie Rosenbluth,F,6-4,190.0,24.0,North Carolina,Sr,,2,78018.0,US,1958,0.0
1957,2,14,Jack Sullivan,F,6-4,185.0,,Mount St. Mary's,Sr,,0,,,,
1957,3,22,Angelo Lombardo,F,6-4,210.0,,Manhattan,Sr,,0,,,,
1957,4,30,Ray Radziszewski,F,6-5,210.0,22.0,Saint Joseph's,Sr,,1,77901.0,US,1957,0.0
1957,5,38,Jim Radcliffe,,,,,Lafayette,Sr,,0,,,,
1957,6,46,Alonzo Lewis,,,,,La Salle,Sr,,0,,,,
1957,7,53,Max Jameson,,,,,Kentucky State,Sr,,0,,,,
1957,8,60,Woody Sauldsberry,FC,6-7,220.0,22.0,Texas Southern,Sr,,7,78064.0,US,1965,0.0
1957,9,67,Steve Hamilton,F,6-6,190.0,21.0,Morehead State,Jr,,2,,,,
1957,10,73,Jerry Calvert,G,5-11,160.0,21.0,Kentucky,Sr,,0,,,,
1957,11,78,Jerry Gibson,,,,,,,,0,,,,
1956,1,7,Hal Lear,G,5-11,163.0,21.0,Temple,Sr,,1,77352.0,US,1956,0.0
1956,2,15,Phil Rollins,G,6-2,155.0,22.0,Louisville,Sr,,3,78013.0,US,1960,0.0
1956,3,23,Bevo Francis,F,6-9,190.0,23.0,Boston Whirlwinds (ABL) (United States),1932 DOB,,0,,,,
1956,4,31,Phil Wheeler,F,6-4,200.0,,Cincinnati,Sr,,0,,,,
1956,5,39,Joe Belmont,G,5-11,165.0,21.0,Duke,Sr,,0,,,,
1956,6,47,Mickey Winograd,G,,,,Duquesne,Sr,,0,,,,
1956,7,55,John Fannon,,,,,Notre Dame,Sr,,0,,,,
1956,8,62,Max Anderson,,,,,Oregon,Sr,,0,,,,
1956,9,69,Ronald Clark,F,6-9,185.0,23.0,Springfield College (Massachusetts),Sr,,0,,,,
1955,2,9,Corky Devlin,F,6-5,200.0,23.0,George Washington,Sr,PHI to FWP,3,76561.0,US,1957,0.0
1955,3,17,Bob Schafer,G,6-2,165.0,,Villanova,Sr,,2,78072.0,US,1955,0.0
1955,4,25,Ed Wiener,G,6-3,185.0,,Tennessee,Sr,,0,,,,
1955,5,33,Jack Devine,SF,,,,Villanova,Sr,,0,,,,
1955,6,41,George Swyers,,,,,West Virginia Tech,Sr,,0,,,,
1955,7,49,Harry Silcox,,,,,Temple,Sr,,0,,,,
1955,8,57,Al Didriksen,,,,,Temple,Sr,,0,,,,
1955,9,65,Lester Lane,G,5-10,170.0,23.0,Oklahoma,Sr,,0,,,,
1955,10,73,Jerry Koch,F,6-4,,,Saint Louis,Sr,,0,,,,
1954,1,3,Gene Shue,G,6-2,170.0,22.0,Maryland,Sr,,10,78142.0,US,1963,0.0
1954,2,12,Larry Costello,PG,6-1,186.0,22.0,Niagara,Sr,,12,76454.0,US,1967,0.0
1954,3,21,Ben Peters,F,6-4,190.0,,Benedictine College (KS),Sr,,0,,,,
1954,4,30,Chuck Noble,SG,6-4,200.0,22.0,Louisville,Sr,PHI to FWP,7,77722.0,US,1961,0.0
1954,5,39,Rudy D'Emilio,G,5-11,175.0,,Duke,Sr,,0,,,,
1954,6,48,Len Winogard,,,,,Brandeis,Sr,,0,,,,
1954,7,57,Bob Brady,,,,,San Diego State,Sr,,0,,,,
1954,8,66,Bob Hodges,,,,,East Carolina,Sr,,0,,,,
1954,9,75,Vince Leta,,,,,Lycoming,Sr,,0,,,,
1954,10,83,Bill Sullivan,,,,,Notre Dame,Sr,,0,,,,
1954,11,92,Frank O'Hara,,,,,La Salle,Sr,,0,,,,
1954,12,98,John Glinski,,,,,SUNY Cortland,Sr,,0,,,,
1954,13,100,Joe Holup,F,6-6,215.0,20.0,George Washington,So,,3,,,,
1953,2,8,Larry Hennessy,G,6-3,185.0,23.0,Villanova,Sr,,2,76998.0,US,1955,0.0
1953,3,17,Norm Grekin,GF,6-5,180.0,22.0,La Salle,Sr,,1,76886.0,US,1953,0.0
1953,4,26,Fred Ihle,,,,,La Salle,Sr,,0,,,,
1953,5,35,Eddie Solomon,,,,,West Virginia Tech,Sr,,0,,,,
1953,6,44,Don Eby,,,,,USC,Sr,,0,,,,
1953,7,53,Bob Marske,F,6-8,,,,,,0,,,,
1953,8,62,Bill Dodd,,,,,Colgate,Sr,,0,,,,
1953,9,71,Bob Sassone,,,,,St. Bonaventure,Sr,,0,,,,
1953,10,80,Toar Hester,,,,,Centenary (LA),Sr,,0,,,,
1953,11,88,John Doogan,C,6-6,,,Saint Joseph's,Sr,,0,,,,
1953,12,95,Charles Duffley,,,,,Saint Anselm,Sr,,0,,,,
1953,13,102,Jack George,G,6-2,190.0,24.0,La Salle,Sr,,8,76800.0,US,1960,0.0
1952,1,4,Bill Mlkvy,GF,6-4,190.0,21.0,Temple,Sr,,1,77619.0,US,1952,0.0
1952,2,14,Walt Davis,FC,6-8,205.0,21.0,Texas A&M,Sr,,5,76536.0,US,1957,0.0
1952,3,24,Moe Radovich,G,6-0,160.0,22.0,Wyoming,Sr,,1,77900.0,US,1952,0.0
1952,4,34,Bob Brown,,,,,Louisville,Sr,,0,,,,
1952,5,44,Burr Carlson,F,6-6,,,UConn,Sr,,0,,,,
1952,6,54,Newt Jones,,,,,La Salle,Sr,,0,,,,
1952,7,64,Nick Kladis,,,,,Loyola (IL),Sr,,0,,,,
1952,8,74,Tom Brennan,G,6-3,195.0,21.0,Villanova,Sr,,0,76246.0,US,1954,0.0
1952,9,82,Don Scanlon,,,,,Pennsylvania,Sr,,0,,,,
1952,10,89,Glenn Smith,,,,,Utah,Sr,,0,,,,
1952,11,95,Ben Stewart,,,,,Villanova,Sr,,0,,,,
1951,1,9,Don Sunderlage,SG,6-1,180.0,21.0,Illinois,Sr,PHI to MIL,2,78278.0,US,1954,0.0
1951,2,19,Mel Payton,GF,6-4,185.0,24.0,Tulane,Sr,,2,77032.0,US,1956,0.0
1951,3,29,Bob Schloss,,,,,Georgia,Sr,,0,,,,
1951,4,39,Jud Milhon,,,,,Ohio Wesleyan,Sr,,0,,,,
1951,5,49,Mike Kearns,PG,6-2,178.0,21.0,Princeton,Sr,,1,,,,
1951,6,59,Bob Swails,,,,,Indianapolis,Sr,,0,,,,
1951,7,69,George Dempsey,PG,6-2,190.0,21.0,King's College (NY),Sr,,5,76555.0,US,1958,0.0
1951,8,78,James Phelan,G,6-1,175.0,22.0,La Salle,Sr,,1,,,,
1951,9,82,Hugh Faulkner,,,,,Pepperdine,Sr,,0,,,,
1951,10,85,Paul Gerwin,,,,,Cornell,Sr,,0,,,,
1950,1,3,Paul Arizin,GF,6-4,190.0,22.0,Villanova,Sr,,10,600003.0,US,1969,0.0
1950,2,15,Ed Dahler,GF,6-5,190.0,24.0,Duquesne,Sr,,1,76496.0,US,1951,0.0
1950,3,27,Buddy Cate,,,,,Western Kentucky,Sr,,0,,,,
1950,4,39,Paul Sensky,,,,,Saint Joseph's,Sr,,0,,,,
1950,5,51,Ike Borsavage,FC,6-8,220.0,25.0,Temple,Sr,,1,,,,
1950,6,63,Dick Dallmer,,,,25.0,Cincinnati,Sr,,0,,,,
1950,7,75,Charles Northup,,,,,Siena,Sr,,0,,,,
1950,8,87,Brooks Ricca,,,,,Villanova,Sr,,0,,,,
1950,9,99,Joe Kaufman,,,,,NYU,Sr,,0,,,,
1950,10,111,Bernie Adams,C,6-4,,,Princeton,Sr,,0,,,,
1950,11,119,Leo Wolfe,,,,,Villanova,Sr,,0,,,,
1950,12,121,Ed Montgomery,SG,,,24.0,Tennessee,Sr,,0,,,,
1949,1,6,Vern Gardner,GF,6-5,200.0,24.0,Utah,Sr,,3,77392.0,US,1950,0.0
1949,2,18,Jim Nolan,F,6-8,210.0,21.0,Georgia Tech,Sr,,1,77724.0,US,1949,0.0
1949,3,30,Nelson Bobb,G,6-0,170.0,25.0,Temple,Sr,,4,76190.0,US,1952,0.0
1948,1,11,Don Ray,GF,6-5,190.0,26.0,Western Kentucky,Sr,PHI to TCB,1,77918.0,US,1949,0.0
1948,2,23,Roy Pugh,GF,6-6,210.0,25.0,Southern Methodist,Sr,,1,77889.0,US,1948,0.0
1948,3,35,William Brown,,,,,Maryland,Sr,,0,,,,
1948,4,47,Hugh Compton,,,,,Louisville,Sr,,0,,,,
1948,5,59,Joe Nelson,,,,,Brigham Young,Sr,,0,,,,
1948,6,70,Clint Pace,,,,,Pepperdine,Sr,,0,,,,
1948,7,81,Tom Short,,,,,Kansas Wesleyan,Sr,,0,,,,
1948,8,91,Joe Wahl,,,,,Akron,Sr,,0,,,,
1948,9,100,Andy Wolfe,G,6-1,180.0,,California,Sr,,0,,,,
1947,1,6,Chink Crossin,G,6-1,165.0,22.0,Pennsylvania,Jr,,3,76479.0,US,1949,0.0
1947,2,16,Norman Butz,,,,,Saint Joseph's,Sr,,0,,,,
1947,3,26,Jim Kaeding,,,,,York-Pennsylvania,Sr,,0,,,,
1947,4,36,Ed Koffenberger,G,6-2,180.0,20.0,Duke,Sr,,0,,,,
