Year,Round,Pick,Player,Pos,HT,WT,Age,Pre-Draft Team,Class,Draft Trades,YOS,nba_id,origin_country,played_until_year,is_defunct,plays_for,awards
2025,1,24,Nique Clifford,F,6-5,175.0,23.0,Colorado State,Sr,OKC to  SAC,0,1642363.0,US,2025.0,0.0,SAC,
2023,2,34,Colby Jones,GF,6-6,207.0,21.0,Xavier,Jr *,CHA to  BOS BOS  to SAC,2,1641732.0,US,2025.0,0.0,DET,
2020,2,40,Robert Woodard II,G,6-7,230.0,21.0,Mississippi State,So *,MEM to  SAC,2,1630218.0,US,2021.0,0.0,OKC,
2019,2,55,Kyle Guy,SG,6-1,167.0,21.0,Virginia,Jr *,NYK to  SAC,3,1629657.0,US,2021.0,0.0,MIA,
2017,1,15,Justin Jackson,F,6-8,220.0,22.0,North Carolina,Jr *,POR to  SAC,7,1628382.0,US,2023.0,0.0,MIN,
2017,1,20,Harry Giles III,PF,6-10,240.0,19.0,Duke,Fr *,POR to  SAC,5,1628385.0,US,2023.0,0.0,SAC,
2017,2,57,Sasha Vezenkov,PF,6-8,225.0,21.0,FC Barcelona II (Spain),1995 DOB,BKN to  CLE CLE  to SAC,1,1628426.0,BG,2023.0,0.0,SAC,
2016,1,13,Georgios Papagiannis,C,7-2,275.0,18.0,Panathinaikos (Greece),1997 DOB *,PHX to  SAC,2,1627834.0,GR,2017.0,0.0,SAC,
2016,1,22,Malachi Richardson,SF,6-6,205.0,20.0,Syracuse,Fr *,CHA to  SAC,3,1627781.0,US,2018.0,0.0,SAC,
2016,1,28,Skal Labissiere,C,6-10,235.0,20.0,Kentucky,Fr *,PHX to  SAC,5,1627746.0,HT,2024.0,0.0,SAC,
2014,1,27,Bogdan BogdanoviÄ‡,SG,6-5,225.0,21.0,KK Partizan (Serbia),1992 DOB,PHX to  SAC,8,203992.0,RS,2025.0,0.0,LAC,"{'All-Rookie Team': 1, 'Olympic Bronze Medal': 1}"
2013,2,57,Alex Oriakhi,PF,6-9,255.0,23.0,Missouri,Sr,PHX to  SAC,0,,,,,,
2012,2,57,Ilkan Karaman,F,6-8,254.0,22.0,Pinar Karsiyaka (Turkey),1990 DOB,BKN to  CLE CLE  to MIL MIL  to SAC,0,,,,,,
2011,1,10,Jimmer Fredette,G,6-2,195.0,22.0,Brigham Young,Sr,MIL to  SAC,6,202690.0,US,2018.0,0.0,SAC,
2009,2,38,Jon Brockman,PF,6-7,255.0,22.0,Washington,Sr,POR to  SAC,3,201972.0,US,2011.0,0.0,MIL,
2002,2,49,Darius Songaila,PF,6-8,248.0,24.0,Wake Forest,Sr,BOS to  SAC,8,2443.0,LT,2010.0,0.0,WAS,
1983,2,29,Larry Micheaux,F,6-9,220.0,23.0,Houston,Sr,CHI to  KCK,2,77588.0,US,1984.0,0.0,HOU,
1978,1,21,Mike Evans,G,6-1,170.0,23.0,Kansas State,Sr,DEN to  KCK,10,76686.0,US,1987.0,0.0,DEN,
1966,6,54,Lonnie Wright,G,6-2,205.0,22.0,Colorado State,Sr,ATL to  CIN,0,,,,,,
1958,3,22,Wayne Embry,C,6-8,240.0,21.0,Miami (OH),Sr,STH to  CIN,11,76668.0,US,1968.0,0.0,SAC,
1958,7,54,Ken Sidle,,,,,Ohio State,Sr,STH to  CIN,0,,,,,,
1957,2,12,Jim Palmer,F,6-8,199.0,23.0,Dayton,Sr,STH to  CIN,3,77792.0,US,1960.0,0.0,NYK,
1947,6,53,Andy Duncan,GF,6-6,195.0,25.0,William & Mary,Sr,NYK to  ROR,3,76615.0,US,1950.0,0.0,SAC,
2025,2,42,Maxime Raynaud,C,7-1,250.0,22.0,Stanford,Sr,,0,1642875.0,FR,2025.0,0.0,SAC,
2024,1,13,Devin Carter,G,6-2,195.0,22.0,Providence,Jr *,,1,1642269.0,US,2025.0,0.0,SAC,
2023,2,54,Jalen Slawson,F,6-7,215.0,23.0,Furman,Sr,,1,1641771.0,US,2023.0,0.0,IND,
2022,1,4,Keegan Murray,F,6-8,225.0,21.0,Iowa,So *,,3,1631099.0,US,2025.0,0.0,SAC,"{'All-Rookie Team': 1, 'NBA Rookie of the Month': 2}"
2021,1,9,Davion Mitchell,PG,6-0,202.0,22.0,Baylor,Jr *,,4,1630558.0,US,2025.0,0.0,MIA,
2021,2,39,Neemias Queta,C,7-0,248.0,22.0,Utah State,Jr *,,4,1629674.0,PT,2025.0,0.0,BOS,{'NBA Champion': 1}
2020,1,12,Tyrese Haliburton,PG,6-5,185.0,20.0,Iowa State,So *,,5,1630169.0,US,2025.0,0.0,IND,"{'All-NBA': 2, 'All-Rookie Team': 1, 'NBA All-Star': 2, 'NBA In-Season Tournament All-Tournament': 1, 'NBA Player of the Week': 2, 'NBA Rookie of the Month': 2, 'Olympic Gold Medal': 1}"
2020,2,43,Jahmi'us Ramsey,PG,6-3,190.0,19.0,Texas Tech,Fr *,,3,1630186.0,US,2023.0,0.0,TOR,
2019,2,40,Justin James,SG,6-7,190.0,22.0,Wyoming,Sr,,3,1629713.0,US,2020.0,0.0,SAC,
2018,1,2,Marvin Bagley III,PF,6-10,235.0,19.0,Duke,Fr *,,7,1628963.0,US,2025.0,0.0,WAS,{'All-Rookie Team': 1}
2017,1,5,De'Aaron Fox,PG,6-3,185.0,19.0,Kentucky,Fr *,,8,1628368.0,US,2025.0,0.0,SAS,"{'All-NBA': 1, 'NBA All-Star': 1, 'NBA Clutch Player of the Year': 1, 'NBA Player of the Week': 6}"
2017,2,34,Frank Mason III,G,5-11,190.0,23.0,Kansas,Sr,,4,1628412.0,US,2020.0,0.0,SAC,
2016,2,59,Isaiah Cousins,G,6-4,191.0,22.0,Oklahoma,Sr,,0,,,,,,
2015,1,6,Willie Cauley-Stein,C,7-0,240.0,21.0,Kentucky,Jr *,,8,1626161.0,US,2022.0,0.0,PHI,
2014,1,8,Nik Stauskas,SG,6-6,205.0,20.0,Michigan,So *,,6,203917.0,CA,2021.0,0.0,BOS,
2013,1,7,Ben McLemore,SG,6-3,195.0,20.0,Kansas,Fr *,,9,203463.0,US,2021.0,0.0,POR,
2013,2,36,Ray McCallum,PG,6-3,191.0,22.0,Detroit-Mercy,Jr *,,4,203492.0,US,2015.0,0.0,SAC,
2012,1,5,Thomas Robinson,PF,6-10,235.0,21.0,Kansas,Jr *,,5,203080.0,US,2016.0,0.0,POR,
2011,2,35,Tyler Honeycutt,F,6-8,190.0,20.0,UCLA,So *,,2,202715.0,US,2012.0,0.0,SAC,
2011,2,60,Isaiah Thomas,PG,5-9,185.0,22.0,Washington,Jr *,,12,202738.0,US,2023.0,0.0,PHX,
2010,1,5,DeMarcus Cousins,C,6-11,270.0,19.0,Kentucky,Fr *,,12,202326.0,US,2021.0,0.0,DEN,
2010,2,33,Hassan Whiteside,C,7-0,265.0,21.0,Marshall,Fr *,,10,202355.0,US,2021.0,0.0,UTA,
2009,1,4,Tyreke Evans,G,6-6,220.0,19.0,Memphis,Fr *,,10,201936.0,US,2018.0,0.0,SAC,
2009,1,23,Omri Casspi,F,6-9,225.0,21.0,Maccabi FOX Tel Aviv (Israel),1988 DOB *,,10,201956.0,IL,2018.0,0.0,SAC,
2008,1,12,Jason Thompson,PF,6-11,250.0,21.0,Rider,Sr,,8,201574.0,US,2015.0,0.0,SAC,
2008,2,42,Sean Singletary,PG,6-0,185.0,22.0,Virginia,Sr,,1,201606.0,US,2008.0,0.0,CHA,
2008,2,43,Patrick Ewing,F,6-8,237.0,24.0,Georgetown,Sr,,1,201607.0,US,2010.0,0.0,NOP,
2007,1,10,Spencer Hawes,C,7-1,245.0,19.0,Washington,Fr *,,10,201150.0,US,2016.0,0.0,PHI,
2006,1,19,Quincy Douby,G,6-3,175.0,22.0,Rutgers,Jr *,,4,200763.0,US,2008.0,0.0,SAC,
2005,1,23,Francisco Garcia,GF,6-7,195.0,23.0,Louisville,Jr *,,10,101128.0,DO,2014.0,0.0,SAC,
2004,1,26,Kevin Martin,SG,6-7,199.0,21.0,Western Carolina,Jr *,,12,2755.0,US,2015.0,0.0,SAC,
2004,2,48,Ricky Minard,G,6-4,200.0,21.0,Morehead State,Sr,,1,,,,,,
2002,2,57,Corsley Edwards,PF,6-9,275.0,23.0,Central Connecticut State,Sr,,2,2451.0,US,2004.0,0.0,NOP,
2001,1,25,Gerald Wallace,F,6-7,220.0,18.0,Alabama,Fr *,,14,2222.0,US,2014.0,0.0,CHA,
2001,2,54,Maurice Jeffers,SG,6-4,200.0,22.0,Saint Louis,Sr,,1,,,,,,
2000,1,16,Hedo Turkoglu,F,6-10,220.0,21.0,Anadolu Efes (Turkey),1979 DOB *,,15,2045.0,TR,2014.0,0.0,ORL,
2000,2,45,Jabari Smith,C,6-11,250.0,23.0,LSU,Sr,,5,2074.0,US,2004.0,0.0,SAC,
1999,2,45,Ryan Robertson,G,6-5,190.0,22.0,Kansas,Sr,,1,1926.0,US,1999.0,0.0,SAC,
1998,1,7,Jason Williams,G,6-1,190.0,22.0,Florida,So *,,12,1715.0,US,2010.0,0.0,MEM,
1998,2,36,Jerome James,C,7-0,300.0,22.0,Florida A&M,Jr *,,11,1744.0,US,2008.0,0.0,OKC,
1997,1,11,Tariq Abdul-Wahad,SF,6-6,223.0,22.0,San Jose State,Jr *,,8,1505.0,FR,2003.0,0.0,SAC,
1997,2,39,Anthony Johnson,G,6-3,195.0,22.0,Charleston,Sr,,13,1533.0,US,2009.0,0.0,IND,
1996,1,14,Peja Stojakovic,F,6-10,229.0,19.0,PAOK BC (Greece),1977 DOB *,,13,978.0,RS,2010.0,0.0,SAC,
1995,1,13,Corliss Williamson,F,6-7,245.0,21.0,Arkansas,Jr *,,12,722.0,US,2006.0,0.0,SAC,
1995,2,47,Tyus Edney,PG,5-10,152.0,22.0,UCLA,Sr,,4,721.0,US,2000.0,0.0,SAC,
1995,2,51,Dejan Bodiroga,SF,6-9,243.0,22.0,AX Armani Exchange Milan (Italy),1973 DOB,,0,,,,,,
1994,1,8,Brian Grant,PF,6-9,254.0,22.0,Xavier,Sr,,12,258.0,US,2005.0,0.0,MIA,
1994,2,35,Michael Smith,F,6-8,230.0,22.0,Providence,Sr,,9,63.0,US,2000.0,0.0,SAC,
1994,2,51,Lawrence Funderburke,PF,6-9,230.0,23.0,Ohio State,Sr,,8,1444.0,US,2004.0,0.0,SAC,
1993,1,7,Bobby Hurley,G,6-0,165.0,22.0,Duke,Sr,,6,310.0,US,1997.0,0.0,SAC,
1993,2,31,Evers Burns,PF,6-8,260.0,21.0,Maryland,Sr,,2,76308.0,US,1993.0,0.0,SAC,
1993,2,44,Alex Holcombe,F,6-9,244.0,23.0,Baylor,Sr,,0,,,,,,
1993,2,52,Mike Peplowski,C,6-11,270.0,22.0,Michigan State,Sr,,4,46.0,US,1995.0,0.0,SAC,
1992,1,7,Walt Williams,SF,6-8,219.0,22.0,Maryland,Sr,,11,1005.0,US,2002.0,0.0,SAC,
1992,2,54,Brett Roberts,F,6-8,230.0,22.0,Morehead State,Sr,,1,,,,,,
1991,1,27,Pete Chilcutt,F,6-10,230.0,22.0,North Carolina,Sr,,10,432.0,US,1999.0,0.0,MEM,
1991,2,31,Randy Brown,PG,6-2,190.0,23.0,New Mexico State,Sr,,12,753.0,US,2002.0,0.0,CHI,
1991,2,42,Steve Hood,GF,6-7,185.0,23.0,James Madison,Sr,,2,,,,,,
1990,1,7,Lionel Simmons,SF,6-7,210.0,21.0,La Salle,Sr,,7,1489.0,US,1996.0,0.0,SAC,
1990,1,14,Travis Mays,PG,6-2,190.0,22.0,Texas,Sr,,3,77496.0,US,1992.0,0.0,SAC,
1990,1,18,Duane Causwell,C,7-0,240.0,22.0,Temple,Jr,,12,190.0,US,2002.0,0.0,SAC,
1990,1,23,Anthony Bonner,F,6-8,215.0,22.0,Saint Louis,Sr,,7,41.0,US,2002.0,0.0,SAC,
1989,1,1,Pervis Ellison,C,6-9,210.0,22.0,Louisville,Sr,,12,442.0,US,2000.0,0.0,WAS,
1988,1,18,Ricky Berry,F,6-8,205.0,23.0,San Jose State,Sr,,1,76157.0,US,1988.0,0.0,SAC,
1988,2,29,Vinny Del Negro,SG,6-4,185.0,21.0,NC State,Sr,,12,219.0,US,2001.0,0.0,SAS,
1987,1,6,Kenny Smith,PG,6-3,170.0,22.0,North Carolina,Sr,,11,181.0,US,1996.0,0.0,HOU,
1987,3,51,Sven Myer,C,6-11,235.0,23.0,Oregon,Sr,,0,,,,,,
1987,4,74,Joe Arlauckas,F,6-9,230.0,21.0,Niagara,Sr,,1,76057.0,US,1987.0,0.0,SAC,
1987,5,97,Vernon Carr,GF,6-6,185.0,,Michigan State,Sr,,1,,,,,,
1987,6,120,Darryl Thomas,FC,6-7,240.0,,Indiana,Sr,,0,,,,,,
1987,7,143,Scott Adubato,,,,,Upsala College,Sr,,0,,,,,,
1986,1,17,Harold Pressley,GF,6-7,210.0,22.0,Villanova,Sr,,4,77881.0,US,1989.0,0.0,SAC,
1986,2,34,Johnny Rogers,PF,6-10,225.0,22.0,UC Irvine,Jr,,2,78007.0,US,1987.0,0.0,SAC,
1986,3,57,Bruce Douglas,SG,6-3,195.0,22.0,Illinois,Sr,,1,76588.0,US,1986.0,0.0,SAC,
1986,4,80,Alvin Franklin,PG,6-2,180.0,,Houston,Sr,,0,,,,,,
1986,4,91,Bob Beecher,PF,6-9,230.0,,Virginia Tech,Sr,,0,,,,,,
1986,5,103,Keith Morrison,,,,,Washington State,Sr,,0,,,,,,
1986,6,126,John Flowers,C,6-9,,,UNLV,Sr,,0,,,,,,
1986,7,149,Ron Rankin,,,,,Southeast Missouri State,Sr,,0,,,,,,
1985,1,6,Joe Kleine,C,6-11,255.0,23.0,Arkansas,Sr,,16,170.0,US,1999.0,0.0,BOS,
1985,3,51,Charles Bradley,GF,6-6,185.0,,South Florida,Sr,,1,,,,,,
1985,3,66,Michael Adams,PG,5-10,163.0,22.0,Boston College,Sr,,11,149.0,US,1995.0,0.0,DEN,
1985,4,76,Willie Simmons,C,6-11,215.0,,Louisiana Tech,Sr,,0,,,,,,
1985,5,98,Bob Lojewski,,,,,Saint Joseph's,Sr,,0,,,,,,
1985,6,120,Charles Valentine,,,,,Arkansas,Sr,,0,,,,,,
1985,7,145,Alton Lee Gipson,,,,,Florida State,Sr,,0,,,,,,
1984,1,9,Otis Thorpe,PF,6-9,225.0,21.0,Providence,Sr,,17,901.0,US,2000.0,0.0,HOU,
1984,3,54,Roosevelt Chapman,SF,6-4,210.0,,Dayton,Sr,,0,,,,,,
1984,3,56,Jeff Allen,PF,6-10,235.0,23.0,St. John's,Sr,,0,,,,,,
1984,4,80,Carl Henry,G,6-6,205.0,23.0,Kansas,Sr,,2,77001.0,US,1985.0,0.0,SAC,
1984,5,102,Jim Foster,,,,,South Carolina,Sr,,0,,,,,,
1984,6,126,Bruce Vanley,,,,,Tulsa,Sr,,0,,,,,,
1984,7,148,Chip Harris,,,,,Robert Morris,Sr,,0,,,,,,
1984,8,172,Nate Rollins,,,,,Fort Hays State,Sr,,0,,,,,,
1984,9,193,Greg Turner,,,,,Auburn,Sr,,0,,,,,,
1984,10,216,Victor Coleman,,,,,Northwest Missouri State,Sr,,0,,,,,,
1983,1,13,Ennis Whatley,SG,6-3,177.0,20.0,Alabama,So *,KCK to CHI,11,941.0,US,1996.0,0.0,CHI,
1983,2,38,Chris McNealy,F,6-7,210.0,21.0,San Jose State,Sr,KCK to CHI,4,77560.0,US,1987.0,0.0,NYK,
1983,3,60,Steve Harriel,SF,6-6,215.0,23.0,Washington State,Sr,,1,,,,,,
1983,4,84,Mike Jackson,PG,6-3,190.0,,Wyoming,Sr,,0,,,,,,
1983,5,106,Lorenza Andrews,,,,,Oklahoma State,Sr,,0,,,,,,
1983,6,130,Alvis Rogers,,,,,Wake Forest,Sr,,0,,,,,,
1983,7,152,Dane Suttle,G,6-3,190.0,21.0,Pepperdine,Sr,,4,78281.0,US,1984.0,0.0,SAC,
1983,8,176,Preston Neumayr,,,,,UC Davis,Sr,,0,,,,,,
1983,9,197,Bernard Hill,,,,,Panhandle State (OK),Sr,,0,,,,,,
1983,10,219,Aaron Haskins,,,,,Washington State,Sr,,0,,,,,,
1982,1,5,LaSalle Thompson,C,6-10,245.0,21.0,Texas,Jr *,,15,78.0,US,1996.0,0.0,SAC,
1982,1,17,Brook Steppe,GF,6-5,195.0,22.0,Georgia Tech,Sr,,5,78250.0,US,1988.0,0.0,SAC,
1982,3,51,Jim Johnstone,C,6-11,245.0,21.0,Wake Forest,Sr,KCK to ATL,1,77171.0,US,1982.0,0.0,DET,
1982,4,74,Mike Sanders,GF,6-6,210.0,22.0,UCLA,Sr,,11,78059.0,US,1992.0,0.0,PHX,
1982,5,97,Kenny Simpson,F,6-5,,,Grambling State,Sr,,0,,,,,,
1982,6,120,Poncho Wright,GF,6-5,195.0,,Louisville,Sr,,0,,,,,,
1982,7,143,Perry Range,G,,,,Illinois,Sr,,0,,,,,,
1982,8,166,Ed Nealy,F,6-7,238.0,22.0,Kansas State,Sr,,10,77697.0,US,1992.0,0.0,SAC,
1982,9,189,Jack Moore,PG,5-9,175.0,22.0,Nebraska,Sr,,0,,,,,,
1982,10,210,Robert Estes,,,,,Iowa,Sr,,0,,,,,,
1981,1,7,Steve Johnson,FC,6-10,235.0,23.0,Oregon State,Sr,,10,77134.0,US,1990.0,0.0,SAC,
1981,1,17,Kevin Loder,SF,6-6,205.0,22.0,Alabama State,Sr,,4,77401.0,US,1983.0,0.0,SAC,
1981,2,29,Eddie Johnson,SF,6-7,215.0,22.0,Illinois,Sr,,17,698.0,US,1998.0,0.0,SAC,
1981,3,58,Curtis Berry,PF,6-7,215.0,21.0,Missouri,Sr,,0,,,,,,
1981,4,78,Kenny Dennard,PF,6-8,220.0,22.0,Duke,Sr,,3,76556.0,US,1983.0,0.0,SAC,
1981,4,82,B.B. Davis,PF,6-8,230.0,,Lamar,Sr,,0,,,,,,
1981,5,104,U.S. Reed,,,,,Arkansas,Sr,,2,,,,,,
1981,6,128,Brian Walker,G,,,,Purdue,Sr,,0,,,,,,
1981,7,150,Clinton Wheeler,G,6-1,185.0,21.0,William Paterson,Sr,,5,78504.0,US,1988.0,0.0,IND,
1981,8,173,Randy Smithson,G,,,,Wichita State,Sr,,0,,,,,,
1981,9,194,Mike Perry,,,,,Richmond,Sr,,1,,,,,,
1981,10,214,Mark Wilson,,,,,Fort Hays State,Sr,,0,,,,,,
1980,1,16,Charles Whitney,F,6-5,235.0,22.0,NC State,Sr,,2,78519.0,US,1981.0,0.0,SAC,
1980,3,62,Tony Murphy,SG,6-3,180.0,23.0,Southern,Sr,,1,,,,,,
1980,5,108,Kevin Blakley,,,,,Eastern Michigan,Sr,,0,,,,,,
1980,6,131,Kent Grooms,,,,,Kent State,Sr,,0,,,,,,
1980,7,154,Arnold McDowell,,,,,Montana State,Sr,,0,,,,,,
1980,9,193,Charley Cole,,,,,Delta State,Sr,,0,,,,,,
1979,1,18,Reggie King,F,6-6,225.0,22.0,Alabama,Sr,,6,77273.0,US,1984.0,0.0,SAC,
1979,3,62,Terry Crosby,SG,6-4,195.0,22.0,Tennessee,Sr,,1,76475.0,US,1979.0,0.0,SAC,
1979,4,85,John McCullough,SG,6-4,190.0,22.0,Oklahoma,Sr,,3,77520.0,US,1981.0,0.0,PHX,
1979,5,105,Curtis Watkins,,,,,DePaul,Sr,,0,,,,,,
1979,6,126,Bob Roma,,,,,Princeton,Sr,,1,,,,,,
1979,7,145,Nick Daniels,G,,,,Xavier,Sr,,0,,,,,,
1979,8,164,Tony Vann,,,,,Alabama-Huntsville,Sr,,0,,,,,,
1979,9,181,Gary Wilson,F,,,,Southern Illinois,Sr,,0,,,,,,
1979,10,200,Russell Saunders,G,,,,New Mexico,Sr,,0,,,,,,
1978,1,2,Phil Ford,G,6-2,175.0,22.0,North Carolina,Sr,,8,76736.0,US,1984.0,0.0,SAC,
1978,3,49,Jeff Cook,FC,6-10,215.0,21.0,Idaho State,Sr,,10,76436.0,US,1987.0,0.0,PHX,
1978,3,52,Mike Russell,F,6-7,205.0,,Texas Tech,Sr,,0,,,,,,
1978,4,70,Jeffrey Crompton,C,6-11,280.0,22.0,North Carolina,Sr,KCK to DEN,5,76474.0,US,1983.0,0.0,MIL,
1978,5,93,Derick Clairborne,G,6-1,160.0,,Massachusetts,Sr,,0,,,,,,
1978,6,114,Jim Krivacs,PG,,,,Texas,Jr,,0,,,,,,
1978,7,136,Charles McMilliam,GF,6-3,,,North Texas,Sr,,0,,,,,,
1978,8,155,Ron Hammye,FC,6-10,,,Bowling Green,Sr,,0,,,,,,
1977,1,2,Otis Birdsong,GF,6-3,190.0,21.0,Houston,Sr,,12,76170.0,US,1988.0,0.0,BKN,
1977,2,31,Eddie Owens,SF,6-7,210.0,23.0,UNLV,Sr,,1,77782.0,US,1977.0,0.0,LAC,
1977,3,45,Bill Paterno,F,6-5,200.0,22.0,Notre Dame,Sr,,0,,,,,,
1977,3,53,John Kuester,PG,6-2,175.0,22.0,North Carolina,Sr,,3,77320.0,US,1979.0,0.0,SAC,
1977,4,75,Larry Williams,SG,6-4,190.0,,Texas Southern,Sr,,0,,,,,,
1977,5,97,Bob Chapman,G,6-2,200.0,,Michigan State,Sr,,0,,,,,,
1977,6,119,Bob Cooper,F,6-7,,,Providence,Sr,,0,,,,,,
1977,7,139,Bruce Jenner,G,6-2,194.0,27.0,Graceland,Sr,,0,,,,,,
1976,1,3,Richard Washington,PF,6-11,220.0,20.0,UCLA,Sr *,,7,78468.0,US,1981.0,0.0,SAC,
1976,4,54,Clarence Ramsey,SG,6-4,,24.0,Washington,Sr,,1,,,,,,
1976,5,71,Willie Hodge,F,6-9,210.0,,Duke,Sr,,1,,,,,,
1976,6,89,Andre McCarter,G,6-3,190.0,22.0,UCLA,Jr,,4,77504.0,US,1980.0,0.0,SAC,
1976,7,107,Craig Prosser,,,,,Canisius,Sr,,0,,,,,,
1976,8,125,Mike Davis,,,,,Bradley,Sr,,0,,,,,,
1976,9,143,Dave Logan,,,,,Colorado,Sr,,0,,,,,,
1976,10,160,Harry Bailey,,,,,North Texas,Sr,,0,,,,,,
1975,1,10,Bill Robinzine,PF,6-7,230.0,22.0,DePaul,Sr,,7,77997.0,US,1981.0,0.0,SAC,
1975,1,13,Bob Bigelow,GF,6-7,215.0,21.0,Pennsylvania,Sr,,4,76165.0,US,1978.0,0.0,SAC,
1975,2,31,Glenn Hansen,SG,6-4,205.0,23.0,LSU,Sr,,4,76940.0,US,1977.0,0.0,SAC,
1975,3,49,Bob Guyette,F,6-9,215.0,21.0,Kentucky,Sr,,0,,,,,,
1975,4,67,Kevin Cleuss,SG,6-4,190.0,22.0,St. John's,Sr,,0,,,,,,
1975,5,85,Ed Stahl,C,6-10,225.0,,North Carolina,Sr,,0,,,,,,
1975,6,103,Clint Chapman,F,,,,USC,Sr,,0,,,,,,
1975,7,121,Wayne Croft,FC,6-9,220.0,,Clemson,Sr,,0,,,,,,
1975,8,139,Jim Bostic,F,6-7,225.0,22.0,New Mexico State,Sr,,3,76211.0,US,1977.0,0.0,DET,
1974,1,6,Scott Wedman,GF,6-7,215.0,21.0,Colorado,Sr,,13,78482.0,US,1986.0,0.0,SAC,
1974,2,24,Len Kosmalski,C,7-0,245.0,22.0,Tennessee,Sr,,3,77302.0,US,1975.0,0.0,SAC,
1974,4,60,Lloyd Batts,SG,6-4,180.0,23.0,Cincinnati,Sr,,1,,,,,,
1974,5,78,Terry Compton,,,,,Vanderbilt,Sr,,0,,,,,,
1974,6,96,Ron Kennedy,,,,,Arizona State,Sr,,1,,,,,,
1974,7,114,Mark Browne,,,,,Missouri,Sr,,1,,,,,,
1974,8,132,Richie O'Connor,,,,,Fairfield,Sr,,0,,,,,,
1974,9,150,Jeff Dawson,G,6-1,175.0,,Illinois,Jr,,0,,,,,,
1974,10,167,Dennis White,,,,,Arkansas,Sr,,0,,,,,,
1973,1,7,Ron Behagen,FC,6-9,185.0,22.0,Minnesota,Sr,,7,76140.0,US,1979.0,0.0,SAC,
1973,2,20,Mike D'Antoni,SG,6-3,185.0,21.0,Marshall,Sr,,4,76505.0,US,1976.0,0.0,SAC,
1973,2,25,Larry McNeill,FC,6-9,195.0,22.0,Marquette,Jr,,6,77561.0,US,1978.0,0.0,SAC,
1973,5,76,M.L. Carr,GF,6-6,205.0,22.0,Guilford,Sr,,11,76351.0,US,1984.0,0.0,BOS,
1973,6,93,Mike Quick,,,,,San Francisco,Sr,,0,,,,,,
1973,7,110,Mike Jeffries,,,,,Missouri,Sr,,0,,,,,,
1973,8,127,Mike Williams,,,,,Kentucky Wesleyan,Sr,,1,,,,,,
1973,9,143,James Brown,,,,,Dartmouth,Sr,,0,,,,,,
1973,10,157,Ernie Kusyner,GF,,,,Kansas State,Sr,,0,,,,,,
1972,2,19,Sam Sibert,PF,6-7,215.0,23.0,Kentucky State,Sr,,1,78144.0,US,1972.0,0.0,SAC,
1972,2,28,Mike Ratliff,C,6-10,230.0,20.0,Wisconsin-Eau Claire,Sr,,2,77915.0,US,1973.0,0.0,SAC,
1972,3,38,Ron Riley,PF,6-8,195.0,21.0,USC,Sr,,4,77964.0,US,1975.0,0.0,HOU,
1972,4,53,Frank Schade,G,6-1,170.0,22.0,Wisconsin-Eau Claire,Sr,,1,78069.0,US,1972.0,0.0,SAC,
1972,5,68,Dave Bustion,PF,6-8,215.0,22.0,Denver,Sr,,0,,,,,,
1972,6,86,Jerry Crocker,,,,,Guilford,Sr,,0,,,,,,
1972,7,102,Mike Sneed,,,,,Fayetteville State,Sr,,0,,,,,,
1972,8,119,Jerry Clack,,,,,Oklahoma State,Sr,,0,,,,,,
1972,9,134,Steve McMahon,,,,,Merrimack College,Sr,,1,,,,,,
1972,10,148,Dave Hall,,,,,Kansas State,Sr,,1,,,,,,
1972,11,159,Floyd Mathew,,,,,Northern Arizona,Sr,,0,,,,,,
1972,12,168,Len Baltimore,F,6-6,,,George Washington,Sr,,0,,,,,,
1972,13,177,Kent Scott,,,,,Pittsburgh,Sr,,0,,,,,,
1972,14,183,Bob Allen,,,,,Missouri,Sr,,0,,,,,,
1972,15,190,Mike Jefferies,,,,,Oklahoma State,Sr,,0,,,,,,
1972,16,195,Mike Peterson,,,,,Nebraska,Sr,,0,,,,,,
1971,1,4,Ken Durrett,SF,6-7,190.0,22.0,La Salle,Sr,,4,76622.0,US,1974.0,0.0,SAC,
1971,2,21,John Mengelt,SG,6-2,195.0,21.0,Auburn,Sr,,10,77580.0,US,1980.0,0.0,DET,
1971,2,31,Joe Bergman,PF,6-9,210.0,,Creighton,Jr,,0,,,,,,
1971,3,38,Rich Yunkus,PF,6-9,215.0,,Georgia Tech,Sr,,0,,,,,,
1971,4,55,Sid Catlett,F,6-6,230.0,22.0,Notre Dame,Sr,,1,76367.0,US,1971.0,0.0,SAC,
1971,5,72,Jim Guymond,,,,,Eastern New Mexico,Sr,,0,,,,,,
1971,5,73,Tyrone Marionneaux,,,,,Loyola (NO),Sr,,0,,,,,,
1971,6,89,Gil McGregor,PF,6-8,240.0,21.0,Wake Forest,Sr,,1,77534.0,US,1971.0,0.0,SAC,
1971,7,106,Ollie Shannon,G,6-2,,,Minnesota,Sr,,0,,,,,,
1971,8,123,Frank Fitzgerald,,,,,Boston College,Sr,,0,,,,,,
1970,1,5,Sam Lacey,C,6-10,235.0,21.0,New Mexico State,Sr,,13,77326.0,US,1982.0,0.0,SAC,
1970,2,19,Nate Archibald,PG,6-1,150.0,21.0,UTEP,Sr,,14,76054.0,US,1983.0,0.0,SAC,
1970,2,22,Doug Cook,F,6-6,220.0,,Davidson,Sr,,0,,,,,,
1970,3,39,Greg Hyder,SF,6-6,215.0,21.0,Eastern New Mexico,Sr,,1,77091.0,US,1970.0,0.0,SAC,
1970,4,56,Wade Fuller,G,6-4,185.0,,Loyola (IL),Sr,,1,,,,,,
1970,5,73,Ulas Thompson,,,,,Wiley,Sr,,1,,,,,,
1970,6,90,Charlie Bishop,,,,,Louisiana Tech,Sr,,0,,,,,,
1970,7,107,Mike Bernard,,,,,Kentucky State,Sr,,0,,,,,,
1970,8,124,Joel McBride,,,,,Augusta University,Sr,,1,,,,,,
1970,9,141,Bob Mabry,,,,,Rio Grande,Sr,,0,,,,,,
1970,10,158,Carl Johnson,,,,,Gustavus Adolphus,Sr,,0,,,,,,
1970,11,173,Ted Hillary,,,,,Saint Joseph's College (IN),Sr,,0,,,,,,
1970,12,186,Reggie Roach,,,,,Virginia State,Sr,,1,,,,,,
1970,13,196,Larry Gray,,,,,Huston-Tillotson,Sr,,0,,,,,,
1970,14,206,Andy Jennings,,,,,Alderson-Broaddus,Sr,,0,,,,,,
1970,15,216,Mike Neer,,,,,Washington & Lee,Sr,,1,,,,,,
1970,16,225,Paul Favorite,FC,6-8,,,Georgetown,Sr,,0,,,,,,
1969,1,8,Herm Gilliam,G,6-3,190.0,22.0,Purdue,Jr,,8,76815.0,US,1976.0,0.0,ATL,
1969,3,37,Luke Rackley,C,6-10,220.0,22.0,Xavier,Sr,,5,77894.0,US,1973.0,0.0,CLE,
1969,3,41,Luther Green,PF,6-7,190.0,22.0,Long Island,Sr,,1,76872.0,US,1972.0,0.0,PHI,
1969,4,51,Ron Sanford,F,6-9,215.0,22.0,New Mexico,Jr,,0,,,,,,
1969,5,65,Jake Ford,PG,6-3,180.0,22.0,Maryland-Eastern Shore,Jr,,2,,,,,,
1969,6,79,Mel Coleman,,,,,Wisconsin-Stout,Sr,,0,,,,,,
1969,7,93,L.C. Bowen,,,,,Bradley,Sr,,0,,,,,,
1969,8,107,Merton Bancroft,,,,,Missouri State,Sr,,0,,,,,,
1969,9,121,James Hurley,,,,,Transylvania,Sr,,0,,,,,,
1969,10,135,Bill Bowes,,,,,Elon,Sr,,0,,,,,,
1969,11,149,Jim Supple,F,6-4,185.0,,Georgetown,Sr,,0,,,,,,
1969,12,162,Mike Davis,,,,,Colorado State,Sr,,0,76531.0,US,1972.0,0.0,LAC,
1969,13,174,Ted Johnson,,,,,Baldwin Wallace,Sr,,0,,,,,,
1968,1,5,Zaid Abdul-Aziz,FC,6-9,235.0,21.0,Iowa State,Sr,,10,76002.0,US,1977.0,0.0,HOU,
1968,3,27,Pat Frink,G,6-4,175.0,23.0,Colorado,Sr,,1,76759.0,US,1968.0,0.0,SAC,
1968,3,28,Fred Foster,SF,6-5,210.0,22.0,Miami (OH),Jr,,8,76740.0,US,1976.0,0.0,PHI,
1968,4,41,Dan Sparks,F,6-8,200.0,22.0,Weber State,Sr,,0,,,,,,
1968,5,55,Jim Kissane,F,6-7,210.0,21.0,Boston College,Sr,,0,,,,,,
1968,6,69,Calvin Martin,,,,,Texas Southern,Sr,,0,,,,,,
1968,7,83,Dick Dumas,,,,,Northeastern Oklahoma A&M College,Sr,,0,,,,,,
1968,8,97,Dave Williams,,,,,Mississippi State,Sr,,0,,,,,,
1968,9,111,Butch Joyner,GF,6-5,200.0,22.0,Indiana,Sr,,0,,,,,,
1968,10,125,Robert Wyendanet,,,,,Vanderbilt,Sr,,0,,,,,,
1968,11,139,James Robinson,,,,,RIT,Sr,,0,,,,,,
1968,12,152,Glynn Saulters,G,6-2,,23.0,Louisiana-Monroe,Sr,,0,,,,,,
1968,13,165,Bill Tindall,,,,,Massachusetts,Sr,,0,,,,,,
1968,14,176,Charles Core,,,,,Southeastern Louisiana,Sr,,0,,,,,,
1968,15,185,Mike Drepling,,,,,Westminster (PA),Sr,,0,,,,,,
1968,16,193,Dick Harris,,,,,,,,0,,,,,,
1968,17,201,John Howard,,,,,Cincinnati,Sr,,0,,,,,,
1968,18,207,Larry Humes,,,,,Evansville,So,,0,,,,,,
1968,19,211,Jay Reffords,,,,,,,,0,,,,,,
1967,1,9,Mel Daniels,C,6-9,220.0,22.0,New Mexico,Sr,,1,76502.0,US,1976.0,0.0,BKN,
1967,3,26,Gary Gray,SG,6-1,185.0,22.0,Oklahoma City,Sr,,1,76859.0,US,1967.0,0.0,SAC,
1967,3,28,Sam Smith,F,6-7,230.0,23.0,Kentucky Wesleyan,Sr,,0,,,,,,
1967,4,38,Lou Dampier,PG,6-0,170.0,22.0,Kentucky,Sr,,4,76499.0,US,1978.0,0.0,SAS,
1967,5,50,Trooper Washington,F,6-7,215.0,23.0,Cheyney (PA),Sr,,0,,,,,,
1967,6,62,Frank Stronczek,,,,,American International,Sr,,0,,,,,,
1967,7,74,Charley Beasley,GF,6-5,190.0,21.0,Southern Methodist,Sr,,0,,,,,,
1967,8,86,Frank Hollendoner,C,6-11,245.0,,Georgetown,Sr,,0,,,,,,
1967,9,97,Ron Sepic,GF,,,,Ohio State,Sr,,0,,,,,,
1967,10,108,Willie Davis,PF,6-8,234.0,21.0,North Texas,Jr,,0,,,,,,
1967,11,118,Ken Callaway,,,,,Cincinnati,Sr,,0,,,,,,
1967,12,129,Frank Gadjunas,,,,,Villanova,Sr,,0,,,,,,
1967,13,138,John Moates,,,,,Richmond,Sr,,0,,,,,,
1967,14,144,Jerry Pettway,G,6-3,185.0,23.0,Northwood (MI),Sr,,0,,,,,,
1967,15,150,Earl Beechum,,,,,Midwestern State,Sr,,0,,,,,,
1967,16,155,John Vermelyea,,,,,Morningside College,Sr,,0,,,,,,
1967,17,158,Darryll Meachem,,,,,Edinboro,Sr,,0,,,,,,
1966,1,6,Walt Wesley,C,6-11,220.0,21.0,Kansas,Sr,,10,78495.0,US,1975.0,0.0,SAC,
1966,2,16,Jerry Lee Wells,G,6-1,,,Oklahoma City,Sr,,0,,,,,,
1966,3,26,Jim Ware,F,6-7,210.0,22.0,Oklahoma City,Sr,,2,78457.0,US,1967.0,0.0,SAC,
1966,4,36,Charles Schmaus,G,6-3,175.0,,Virginia Military,Sr,,0,,,,,,
1966,5,47,Richard Parks,F,6-7,235.0,22.0,Saint Louis,Sr,,0,,,,,,
1966,6,56,Steve Cunningham,C,6-5,,,Western Kentucky,Sr,,0,,,,,,
1966,7,65,Gary Schull,,,,,Florida State,Sr,,0,,,,,,
1965,9,73,Ron Krick,PF,6-8,,,Cincinnati,Jr,,0,,,,,,
1966,9,81,Billy Smith,F,6-5,,,Loyola (IL),Sr,,0,,,,,,
1966,10,88,Freddie Lewis,G,6-0,175.0,22.0,Arizona State,Sr,,2,77380.0,US,1976.0,0.0,IND,
1966,11,95,R.B. Lynam,G,6-1,190.0,,Oklahoma Baptist,Sr,,0,,,,,,
1965,1,7,Nate Bowman,C,6-10,230.0,22.0,Wichita State,Sr,,5,76219.0,US,1970.0,0.0,NYK,
1965,2,15,Flynn Robinson,G,6-1,185.0,24.0,Wyoming,Sr,,7,77988.0,US,1972.0,0.0,SAC,
1965,3,24,Jon McGlocklin,GF,6-5,205.0,21.0,Indiana,Sr,,11,77533.0,US,1975.0,0.0,MIL,
1965,4,33,Bob Love,F,6-8,215.0,22.0,Southern,Sr,,11,77412.0,US,1976.0,0.0,CHI,
1965,5,42,Warren Isaac,FC,6-8,,24.0,Iona,Sr,,0,,,,,,
1965,6,51,Leon Clements,,,,,Ouachita Baptist,Sr,,0,,,,,,
1965,7,59,Jeff Gehring,,,,,Miami (OH),Sr,,0,,,,,,
1965,8,67,Jim Fox,C,6-10,230.0,22.0,South Carolina,Sr,,10,76747.0,US,1976.0,0.0,OKC,
1965,10,79,Richie Dec,,,,,Seton Hall,Sr,,0,,,,,,
1965,11,85,Dick Maile,F,,,,LSU,Sr,,0,,,,,,
1965,12,91,Robert McCollough,,,,,Benedict College,Sr,,0,,,,,,
1965,13,96,Oliver Jones,,,,,Albany State (GA),Sr,,0,,,,,,
1965,14,100,Larry Franks,,,,,Texas,Sr,,0,,,,,,
1965,15,104,Ronald Scharf,,,,,Georgia Tech,Sr,,0,,,,,,
1965,16,108,Willie Porter,PF,6-7,205.0,22.0,Tennessee State,Sr,,0,,,,,,
1964,2,15,Bill Chmielewski,C,6-9,240.0,22.0,Dayton,Sr,CIN to DET,0,,,,,,
1964,3,24,Steve Courtin,G,6-1,188.0,21.0,Saint Joseph's,Sr,CIN to WAS,1,76459.0,US,1964.0,0.0,PHI,
1964,4,33,Happy Hairston,F,6-7,225.0,21.0,NYU,Sr,,11,76916.0,US,1974.0,0.0,LAL,
1964,5,42,George Kirk,,,,,Memphis,Sr,,0,,,,,,
1964,6,51,Al Thresher,,,,,Wittenberg,Sr,,0,,,,,,
1964,7,60,Vic Rouse,PF,6-7,,21.0,Loyola (IL),Sr,,0,,,,,,
1964,8,69,Joe Gieger,F,6-7,198.0,,Xavier,Sr,,0,,,,,,
1964,9,76,Scotty Pierce,,,,,West Texas A&M,Sr,,0,,,,,,
1964,10,83,Bob Neumann,,,,,Memphis,Sr,,0,,,,,,
1964,11,89,Jim Reynolds,,,,,Abilene Christian,Sr,,0,,,,,,
1964,12,93,Fred Jones,,,,,Youngstown State,Sr,,0,,,,,,
1963,3,22,Jimmy Rayl,G,6-2,150.0,21.0,Indiana,Sr,,0,,,,,,
1963,4,31,Ken Charlton,F,6-6,190.0,,Colorado,Sr,,0,,,,,,
1963,5,40,Mac Herndon,,,,,Bradley,Sr,,0,,,,,,
1963,6,49,Jim McCormack,,,,,West Virginia,Sr,,0,,,,,,
1963,7,58,Hunter Beckman,F,,,,Memphis,Sr,,0,,,,,,
1962,2,13,Enoch Olsen,PF,6-8,220.0,21.0,Louisville,Sr,,7,77765.0,US,1968.0,0.0,SAC,
1962,3,22,Chris Appel,G,6-2,190.0,,USC,Sr,,0,,,,,,
1962,4,31,Jack Thobe,F,6-8,215.0,,Xavier,Sr,,0,,,,,,
1962,5,40,Mike Wroblewski,,,,,Kansas State,Sr,,0,,,,,,
1962,6,49,Jerry Foster,,,,,Drake,Sr,,0,,,,,,
1962,7,58,Gary Cunningham,,,,,UCLA,Sr,,0,,,,,,
1962,8,66,Ed Bento,FC,,,,Loyola Marymount,Sr,,0,,,,,,
1962,9,75,Chris Jones,,,,,Carson-Newman,Sr,,0,,,,,,
1962,10,83,George Knighton,,,,,New Mexico State,Sr,,0,,,,,,
1962,11,88,Frank Pinchback,,,,,Xavier,Sr,,1,,,,,,
1961,1,3,Larry Siegfried,G,6-3,190.0,21.0,Ohio State,Sr,,9,78147.0,US,1971.0,0.0,BOS,
1961,2,11,Bob Wiesenhahn,F,6-4,215.0,22.0,Cincinnati,Sr,,1,78522.0,US,1961.0,0.0,SAC,
1961,3,25,Robert Nordmann,C,6-10,230.0,21.0,Saint Louis,Sr,,4,77727.0,US,1964.0,0.0,ATL,
1961,4,34,Lowery Kirk,F,6-6,,,Memphis,Sr,,0,,,,,,
1961,5,43,Rossie Johnson,,,,,Tennessee State,Sr,,0,,,,,,
1961,6,52,Bob Slobodnik,,,,,Duquesne,Sr,,0,,,,,,
1961,7,61,Dave Zeller,PG,6-1,175.0,21.0,Miami (OH),Sr,,1,78640.0,US,1961.0,0.0,SAC,
1961,8,70,Jerry Thelen,,,,,Thomas More,Sr,,0,,,,,,
1961,9,78,Larry Krueger,,,,,Ohio,Sr,,0,,,,,,
1961,10,85,Jack Waters,GF,,,,Ole Miss,Sr,,0,,,,,,
1961,11,93,Carl Short,,,,,Newberry,Sr,,0,,,,,,
1961,12,100,George Patterson,C,6-8,230.0,21.0,Toledo,Sr,,1,77811.0,US,1967.0,0.0,DET,
1961,13,103,Clair McRoberts,,,,,Monmouth,Sr,,0,,,,,,
1961,14,106,Carl Bouldin,G,6-2,180.0,21.0,Cincinnati,Sr,,0,,,,,,
1960,1,1,Oscar Robertson,G,6-5,220.0,21.0,Cincinnati,Sr,,14,600015.0,US,1973.0,0.0,SAC,
1960,2,9,Jay Arnette,G,6-2,175.0,21.0,Texas,Sr,,3,76063.0,US,1965.0,0.0,SAC,
1960,3,17,Ralph Davis,SG,6-4,180.0,21.0,Cincinnati,Sr,,2,76532.0,US,1961.0,0.0,WAS,
1960,4,25,Dalen Showalter,F,6-6,200.0,,Tennessee,Sr,,0,,,,,,
1960,5,33,Don Ogorek,,,,,Seattle,Sr,,0,,,,,,
1960,6,41,Bobby Joe Mason,,,,,Bradley,Jr,,0,,,,,,
1960,7,49,Fred Sobrero,,,,,Santa Clara,Sr,,0,,,,,,
1960,8,56,Sam Stith,G,6-2,185.0,22.0,St. Bonaventure,Sr,CIN to NYK,1,78259.0,US,1961.0,0.0,NYK,
1960,9,63,Al Nealey,,,,,Arizona State,Sr,,0,,,,,,
1960,10,70,Lon Sizemore,,,,,West Virginia State,Sr,,0,,,,,,
1960,11,75,Dennis Moore,,,,,Regis (CO),Sr,,0,,,,,,
1960,12,80,Ron Altenberg,,,,,Cornell College,Sr,,0,,,,,,
1960,13,85,John Milhoan,,,,,Marshall,Sr,,0,,,,,,
1960,14,88,Larry Chaney,,,,,Montana State,Sr,,0,,,,,,
1960,15,90,Ducky Potter,,,,,Moravian,Sr,,0,,,,,,
1960,16,92,Gene Jordan,,,,,Northwest Missouri State,Sr,,0,,,,,,
1960,17,94,Ernie McCray,,,,,Arizona,Sr,,0,,,,,,
1960,18,96,Don Mills,C,6-6,185.0,,Kentucky,Sr,,0,,,,,,
1960,19,98,Larry Willey,PF,,,,Cincinnati,Sr,,0,,,,,,
1960,20,99,Tony Wilcox,C,6-7,,,Wittenberg,Sr,,0,,,,,,
1960,21,100,Jim McDonald,,,,,WV Wesleyan,Sr,,0,,,,,,
1959,1,1,Bob Boozer,PF,6-8,215.0,21.0,Kansas State,Sr,CIN to STH STH to CIN,11,76206.0,US,1970.0,0.0,SAC,
1959,3,15,Mike Mendenhall,G,6-3,180.0,,Cincinnati,Sr,,0,,,,,,
1959,4,23,Leo Byrd,G,6-1,170.0,21.0,Marshall,Sr,,0,,,,,,
1959,5,31,Harry Kirchner,,,,,TCU,Sr,,0,,,,,,
1959,6,38,Don Hennon,G,5-8,,,Pittsburgh,Sr,,0,,,,,,
1959,7,46,Dale Moore,,,,,Eastern Kentucky,Sr,,0,,,,,,
1959,8,53,Don Matuszak,,,,,Kansas State,Sr,,0,,,,,,
1959,9,59,Joe Billy McDade,,,,,Bradley,Sr,,0,,,,,,
1959,10,65,Joe Viviano,,,,,Xavier,Sr,,0,,,,,,
1959,11,71,Charley Brown,,,,,Seattle,Sr,,0,,,,,,
1959,12,77,Roger Wendel,,,,,Tulsa,Sr,,0,,,,,,
1958,1,2,Archie Dees,FC,6-8,205.0,22.0,Indiana,Sr,,4,76546.0,US,1961.0,0.0,DET,
1958,2,9,Vern Hatton,G,6-3,195.0,22.0,Kentucky,Sr,,4,76969.0,US,1961.0,0.0,GSW,
1958,3,17,Arlen Bockhorn,G,6-4,195.0,24.0,Dayton,Sr,,7,76191.0,US,1964.0,0.0,SAC,
1958,4,25,Phil Murrell,F,6-4,205.0,25.0,Drake,Sr,,0,,,,,,
1958,5,33,Jim Fulmer,C,6-7,,,Alabama,Sr,,0,,,,,,
1958,6,41,Jim McClennan,,,,,St. Francis (PA),Sr,,0,,,,,,
1958,7,49,Wayne Stevens,SF,6-3,185.0,21.0,Cincinnati,Sr,,1,78252.0,US,1959.0,0.0,SAC,
1958,8,57,Bob Mantz,F,6-8,,,Lafayette,Sr,,0,,,,,,
1958,9,63,Larry Staverman,PF,6-7,205.0,21.0,Thomas More,Sr,,5,78244.0,US,1963.0,0.0,SAC,
1958,10,69,Jack Parr,FC,6-9,220.0,22.0,Kansas State,Sr,,1,77802.0,US,1958.0,0.0,SAC,
1958,11,74,Frank Tartaton,,,,,Xavier,Sr,,0,,,,,,
1958,12,78,Don Medsker,,,,,Iowa State,Sr,,0,,,,,,
1958,13,82,Jerry DuPont,,,,,Louisville,Sr,,0,,,,,,
1958,14,83,Jim Newcomb,,,,,Duke,Sr,,0,,,,,,
1958,15,84,Adrian Smith,PG,6-1,180.0,21.0,Kentucky,Sr,,10,78178.0,US,1970.0,0.0,SAC,
1958,16,85,Jack McCarthy,,,,,Dayton,Sr,,0,,,,,,
1958,17,86,John Powell,,,,,Miami (OH),Sr,,0,,,,,,
1957,1,1,Rod Hundley,G,6-4,185.0,22.0,West Virginia,Sr,ROR to MIN,6,77082.0,US,1962.0,0.0,LAL,
1957,2,9,Dick Duckett,G,6-1,195.0,24.0,St. John's,Sr,,1,76605.0,US,1957.0,0.0,SAC,
1957,3,17,Jerry Paulson,G,6-3,185.0,21.0,Manhattan,Sr,,1,77816.0,US,1957.0,0.0,SAC,
1957,4,25,Jed Dormeyer,F,6-3,190.0,,Minnesota,Sr,,0,,,,,,
1957,5,33,Stewart Murray,,,,,Lafayette,Sr,,0,,,,,,
1957,6,41,John Maglio,,,,,NC State,Sr,,0,,,,,,
1957,7,49,Chet Forte,G,5-8,,21.0,Columbia,Sr,,0,,,,,,
1957,8,56,Bob Daniels,,,,,Western Kentucky,Sr,,0,,,,,,
1957,9,63,Dick Heise,,,,,DePaul,Sr,,0,,,,,,
1957,10,70,Mel Wright,,,,,Oklahoma State,Sr,,0,,,,,,
1957,11,76,Cliff Hafer,,,,,NC State,Sr,,0,,,,,,
1957,12,80,Jim Boothe,,,,,Xavier,Sr,,0,,,,,,
1956,1,1,Si Green,G,6-2,185.0,22.0,Duquesne,Sr,,9,76877.0,US,1965.0,0.0,WAS,
1956,2,8,Bob Burrow,C,6-7,228.0,21.0,Kentucky,Sr,,2,76313.0,US,1957.0,0.0,SAC,
1956,3,16,Dave Piontek,F,6-6,230.0,21.0,Xavier,Sr,,7,77862.0,US,1962.0,0.0,SAC,
1956,4,24,Johnny McCarthy,G,6-0,170.0,22.0,Canisius,Sr,,6,77506.0,US,1963.0,0.0,ATL,
1956,5,32,Bill Uhl,C,7-0,245.0,23.0,Dayton,Sr,,0,,,,,,
1956,6,40,Kevin Thomas,C,6-8,,,Boston University,Sr,,0,,,,,,
1956,7,48,Carl Cain,G,6-3,190.0,21.0,Iowa,Sr,,0,,,,,,
1956,8,56,Clayton Carter,,,,,Northeastern Oklahoma A&M College,Sr,,0,,,,,,
1956,9,63,Dan Mannix,,,,,St. Francis (NY),Sr,,0,,,,,,
1956,10,70,Jerry Moreman,,,,,Louisville,Sr,,0,,,,,,
1956,11,76,Gene Carpenter,,,,21.0,Texas Tech,Sr,,0,,,,,,
1955,1,2,Maurice Stokes,FC,6-7,232.0,21.0,St. Francis (PA),Sr,,3,600016.0,US,1957.0,0.0,SAC,
1955,2,8,Jack Twyman,F,6-6,210.0,20.0,Cincinnati,Sr,,11,78388.0,US,1965.0,0.0,SAC,
1955,3,16,Ed Fleming,G,6-2,180.0,21.0,Niagara,Sr,,5,76723.0,US,1959.0,0.0,LAL,
1955,4,24,Bob McKeen,C,6-7,200.0,,California,Sr,,0,,,,,,
1955,5,32,Bill Evans,G,6-1,185.0,22.0,Kentucky,Sr,,0,,,,,,
1955,6,40,Bob Armstrong,F,6-8,220.0,21.0,Michigan State,Sr,,1,76061.0,US,1956.0,0.0,GSW,
1955,7,48,Jim McConnell,,,,,Niagara,Sr,,0,,,,,,
1955,8,56,Tony Vlastelica,,,,,Oregon State,Sr,,0,,,,,,
1955,9,64,Jerry Jung,,,,,Kansas State,Sr,,0,,,,,,
1955,10,72,Harry Jorgensen,,,,,Wyoming,Sr,,0,,,,,,
1955,11,80,Art Quimby,F,6-5,210.0,21.0,UConn,Sr,,0,,,,,,
1955,12,87,John Prudhoe,,,,,Louisville,Sr,,0,,,,,,
1954,1,7,Tom Marshall,F,6-4,215.0,23.0,Western Kentucky,Sr,,4,77467.0,US,1958.0,0.0,SAC,
1954,2,16,Boris Nachamkin,F,6-6,210.0,20.0,NYU,Sr,,1,77682.0,US,1954.0,0.0,SAC,
1954,3,25,Lee Morton,G,6-2,175.0,,Cornell,Sr,,0,,,,,,
1954,4,34,Art Spoelstra,C,6-10,205.0,21.0,Western Kentucky,Sr,,4,78232.0,US,1957.0,0.0,SAC,
1954,5,43,Bo Erias,SF,6-3,220.0,21.0,Niagara,Sr,,1,76679.0,US,1957.0,0.0,LAL,
1954,6,52,James Davis,F,6-7,220.0,23.0,St. John's,Sr,,1,76524.0,US,1955.0,0.0,SAC,
1954,7,61,Bill Hull,,,,,Utah State,Jr,,0,,,,,,
1954,8,70,Paul Morrow,C,,,21.0,Wisconsin,Sr,,0,,,,,,
1954,9,78,Roy Irvin,,,,,USC,Sr,,0,,,,,,
1954,10,87,Ed Parchinski,,,,,Fordham,Sr,,0,,,,,,
1954,11,95,"Jim Paxson, Sr.",GF,6-6,200.0,21.0,Dayton,RS-Jr,,2,,,,,,
1953,1,4,Richie Regan,G,6-2,180.0,22.0,Seton Hall,Sr,,3,77932.0,US,1957.0,0.0,SAC,
1953,2,12,Norm Swanson,F,6-6,210.0,22.0,Detroit-Mercy,Sr,,1,78284.0,US,1953.0,0.0,SAC,
1953,3,21,Frank Reddout,F,6-5,195.0,,Syracuse,Sr,,1,77925.0,US,1953.0,0.0,SAC,
1953,5,39,Will Walls,,,,,Miami (FL),Sr,,0,,,,,,
1953,6,48,Hugh Beins,C,6-7,210.0,,Georgetown,Sr,,0,,,,,,
1953,7,57,Kendall Sheets,,,,,Oklahoma State,Sr,,0,,,,,,
1953,8,66,Jim Scottie,,,,,West Virginia,Sr,,0,,,,,,
1953,9,75,Dick Gross,,,,,Wheaton (IL),Sr,,0,,,,,,
1953,10,83,Jim Gerber,,,,,Bowling Green,Sr,,0,,,,,,
1953,11,90,Will Bales,,,,,Eastern Kentucky,Sr,,0,,,,,,
1953,12,97,Bill Edwards,,,,,St. Bonaventure,Sr,,0,,,,,,
1953,13,104,Bob Goss,,,,,NC State,Sr,,0,,,,,,
1953,14,107,Paul Smaagard,,,,,Hamline,Sr,,0,,,,,,
1953,15,110,Kenny Sears,F,6-9,198.0,19.0,Santa Clara,So,,8,,,,,,
1953,16,113,John Kurz,,,,,Loyola Marymount,Sr,,0,,,,,,
1953,17,115,Ed Kohl,,,,,Regis,Sr,,0,,,,,,
1953,18,117,"Gene Lambert, Jr.",,,,,,,,0,,,,,,
1953,19,119,Tex Silverman,G,6-3,175.0,,George Washington,Sr,,0,,,,,,
1953,20,120,Nick Maguire,G,,,,Villanova,Sr,,0,,,,,,
1952,1,9,Clyde Lovellette,FC,6-8,225.0,22.0,Iowa,Sr,,0,77414.0,US,1963.0,0.0,LAL,
1952,2,19,Jack McMahon,G,6-1,185.0,23.0,St. John's,Sr,,8,77551.0,US,1959.0,0.0,ATL,
1952,3,29,Ronnie MacGilvray,G,6-2,185.0,21.0,St. John's,Sr,,1,77430.0,US,1954.0,0.0,ATL,
1952,4,39,Bryant Ivey,,,,,Alabama,Sr,,0,,,,,,
1952,5,49,Leroy Leslie,,,,,Notre Dame,Sr,,0,,,,,,
1952,6,59,Jewell McDowell,,,,,Texas A&M,Sr,,0,,,,,,
1952,7,69,Sam Miranda,G,5-10,170.0,,Indiana,Sr,,0,,,,,,
1952,8,78,Jerry Romney,G,6-2,175.0,,Brigham Young,Sr,,0,,,,,,
1952,9,85,Ray Royce,,,,,Houston,Sr,,0,,,,,,
1952,10,91,Arnold Smith,,,,,City College of New York,Sr,,0,,,,,,
1952,11,96,Ray Sonnenberg,,,,,Saint Louis,Sr,,0,,,,,,
1952,12,99,Ray Steiner,G,5-11,175.0,,Saint Louis,Sr,,0,,,,,,
1952,13,101,Bob Whitmer,F,6-2,204.0,,Florida State College,Sr,,0,,,,,,
1951,1,8,Sam Ranzino,G,6-1,185.0,23.0,NC State,Sr,,1,77912.0,US,1951.0,0.0,SAC,
1951,2,18,Mel Payton,GF,6-4,205.0,22.0,Northwestern,Sr,,1,77824.0,US,1952.0,1.0,INO,
1951,3,28,Fred Diute,SG,6-3,210.0,22.0,St. Bonaventure,Sr,,1,76578.0,US,1954.0,0.0,ATL,
1951,4,38,Elmer Behnke,F,6-7,210.0,22.0,Bradley,Sr,ROR to MIL,1,76141.0,US,1951.0,0.0,ATL,
1951,5,48,Michael Kearns,,,,,Notre Dame,Jr,,0,77230.0,US,1954.0,0.0,GSW,
1951,6,58,Jim Ove,C,6-5,,,Valparaiso,Sr,,0,,,,,,
1951,7,68,George Dempsey,,,,,Southern Methodist,Sr,,0,76555.0,US,1958.0,0.0,GSW,
1951,8,77,Jim Phelan,,,,,Lafayette,Sr,,0,77849.0,US,1953.0,0.0,GSW,
1950,1,10,Kevin O'Shea,F,6-6,210.0,23.0,San Francisco,Sr,,2,77773.0,US,1952.0,1.0,BAL,
1950,2,22,George Stanich,G,,,21.0,UCLA,Sr,,0,,,,,,
1950,3,34,Bob Roper,,,,,John Carroll,Sr,,0,,,,,,
1950,4,46,Chet Giermak,F,6-6,195.0,21.0,William & Mary,Sr,,0,,,,,,
1950,5,58,Joe Nelson,F,6-2,175.0,,Brigham Young,Sr,,0,,,,,,
1950,6,70,John Givens,,,,,Western Kentucky,Sr,,0,,,,,,
1950,7,82,Dan Kahler,,,,,Southwestern College (KS),Sr,,0,,,,,,
1950,8,94,Carl Kraushaar,C,,,,UCLA,Sr,,0,,,,,,
1950,9,106,Warren Switzer,,,,,Rice,Sr,,0,,,,,,
1950,10,116,Harry Foley,,,,,Niagara,Sr,,0,,,,,,
1949,1,12,Pep Saul,GF,6-2,185.0,25.0,Seton Hall,Sr,,6,,,,,,
1949,2,24,Jack Coleman,PF,6-7,195.0,24.0,Louisville,Jr,,9,76414.0,US,1957.0,0.0,SAC,
1948,1,10,Bobby Wanzer,G,6-0,170.0,26.0,Seton Hall,Sr,,9,78453.0,US,1956.0,0.0,SAC,
1948,2,22,Bill Gabor,SG,5-11,170.0,25.0,Syracuse,Sr,,6,,,,,,
1948,3,34,Johnny Macknowski,G,6-0,180.0,25.0,Seton Hall,Sr,,2,77436.0,US,1950.0,0.0,PHI,
1948,4,46,Leo Kubiak,G,5-11,160.0,20.0,Bowling Green,Sr,ROR to WAT,1,77317.0,US,1949.0,1.0,WAT,
1948,5,58,Alex Athas,,,,,Tulane,Sr,,0,,,,,,
1948,6,69,Ed Keim,,,,,Niagara,Sr,,0,,,,,,
1948,7,80,Lionel Melamed,,,,,City College of New York,Sr,,0,,,,,,
1948,8,90,Hank O'Keefe,,,,,Canisius,Sr,,0,,,,,,
1948,9,99,Warren Stickel,,,,,Syracuse,Sr,,0,,,,,,
1948,10,107,Paul Yesavi,,,,,Niagara,Sr,,0,,,,,,
